"filename", "language", "TypeScript", "Markdown", "JSON", "JSON with Comments", "JavaScript", "comment", "blank", "total"
"/Users/philliphanson/Documents/Design/web/hson/hson-live/CHANGELOG.md", "Markdown", 0, 199, 0, 0, 0, 0, 58, 257
"/Users/philliphanson/Documents/Design/web/hson/hson-live/README3.md", "Markdown", 0, 174, 0, 0, 0, 0, 64, 238
"/Users/philliphanson/Documents/Design/web/hson/hson-live/agents.md", "Markdown", 0, 27, 0, 0, 0, 0, 13, 40
"/Users/philliphanson/Documents/Design/web/hson/hson-live/benchmarks/hson-node-representation.mjs", "JavaScript", 0, 0, 0, 0, 54, 0, 6, 60
"/Users/philliphanson/Documents/Design/web/hson/hson-live/benchmarks/livetree-allocation.mjs", "JavaScript", 0, 0, 0, 0, 55, 0, 11, 66
"/Users/philliphanson/Documents/Design/web/hson/hson-live/benchmarks/quid-scale.mjs", "JavaScript", 0, 0, 0, 0, 324, 2, 19, 345
"/Users/philliphanson/Documents/Design/web/hson/hson-live/docs/TODO.md", "Markdown", 0, 177, 0, 0, 0, 0, 55, 232
"/Users/philliphanson/Documents/Design/web/hson/hson-live/docs/contracts/authored-hson-review/01-authored-source-verdicts.md", "Markdown", 0, 2249, 0, 0, 0, 556, 2236, 5041
"/Users/philliphanson/Documents/Design/web/hson/hson-live/docs/contracts/authored-hson-review/02-authored-source-verdict-ledger.json", "JSON", 0, 0, 5068, 0, 0, 0, 1, 5069
"/Users/philliphanson/Documents/Design/web/hson/hson-live/docs/contracts/authored-hson-review/03-authored-source-reconciliation.md", "Markdown", 0, 189, 0, 0, 0, 0, 38, 227
"/Users/philliphanson/Documents/Design/web/hson/hson-live/docs/contracts/authored-hson-review/04-focused-reconciliation.md", "Markdown", 0, 182, 0, 0, 0, 10, 54, 246
"/Users/philliphanson/Documents/Design/web/hson/hson-live/docs/contracts/authored-hson-review/05-quoted-name-delimiter-amendment.md", "Markdown", 0, 48, 0, 0, 0, 0, 13, 61
"/Users/philliphanson/Documents/Design/web/hson/hson-live/docs/contracts/canonical-hson-digests-v1-design.md", "Markdown", 0, 484, 0, 0, 0, 0, 107, 591
"/Users/philliphanson/Documents/Design/web/hson/hson-live/docs/contracts/certified-authored-hson-corpus.md", "Markdown", 0, 77, 0, 0, 0, 0, 21, 98
"/Users/philliphanson/Documents/Design/web/hson/hson-live/docs/contracts/hson-node-representation.md", "Markdown", 0, 160, 0, 0, 0, 0, 31, 191
"/Users/philliphanson/Documents/Design/web/hson/hson-live/docs/contracts/livehost-recovery.md", "Markdown", 0, 481, 0, 0, 0, 0, 244, 725
"/Users/philliphanson/Documents/Design/web/hson/hson-live/docs/contracts/liveinspect-experimental.md", "Markdown", 0, 48, 0, 0, 0, 0, 32, 80
"/Users/philliphanson/Documents/Design/web/hson/hson-live/docs/contracts/livemap-host-authority.md", "Markdown", 0, 213, 0, 0, 0, 0, 96, 309
"/Users/philliphanson/Documents/Design/web/hson/hson-live/docs/contracts/livemap-identity.md", "Markdown", 0, 300, 0, 0, 0, 0, 103, 403
"/Users/philliphanson/Documents/Design/web/hson/hson-live/docs/contracts/livemap-lifecycle.md", "Markdown", 0, 195, 0, 0, 0, 0, 98, 293
"/Users/philliphanson/Documents/Design/web/hson/hson-live/docs/contracts/livemap-mutation.md", "Markdown", 0, 335, 0, 0, 0, 0, 87, 422
"/Users/philliphanson/Documents/Design/web/hson/hson-live/docs/contracts/livetree-allocation.md", "Markdown", 0, 36, 0, 0, 0, 0, 10, 46
"/Users/philliphanson/Documents/Design/web/hson/hson-live/docs/contracts/livetree-batch-attachment.md", "Markdown", 0, 8, 0, 0, 0, 0, 8, 16
"/Users/philliphanson/Documents/Design/web/hson/hson-live/docs/contracts/livetree-lifecycle-foundations.md", "Markdown", 0, 60, 0, 0, 0, 0, 13, 73
"/Users/philliphanson/Documents/Design/web/hson/hson-live/docs/contracts/reflect-collection-experimental.md", "Markdown", 0, 126, 0, 0, 0, 0, 38, 164
"/Users/philliphanson/Documents/Design/web/hson/hson-live/docs/contracts/reflect-document-attrs-experimental.md", "Markdown", 0, 67, 0, 0, 0, 0, 13, 80
"/Users/philliphanson/Documents/Design/web/hson/hson-live/docs/contracts/transform-test-oracle.md", "Markdown", 0, 41, 0, 0, 0, 0, 12, 53
"/Users/philliphanson/Documents/Design/web/hson/hson-live/docs/hson-html.md", "Markdown", 0, 108, 0, 0, 0, 0, 56, 164
"/Users/philliphanson/Documents/Design/web/hson/hson-live/docs/hson-json.md", "Markdown", 0, 77, 0, 0, 0, 0, 43, 120
"/Users/philliphanson/Documents/Design/web/hson/hson-live/docs/hson-livehost.md", "Markdown", 0, 187, 0, 0, 0, 13, 92, 292
"/Users/philliphanson/Documents/Design/web/hson/hson-live/docs/hson-livemap.md", "Markdown", 0, 354, 0, 0, 0, 13, 149, 516
"/Users/philliphanson/Documents/Design/web/hson/hson-live/docs/hson-livetree.md", "Markdown", 0, 114, 0, 0, 0, 13, 71, 198
"/Users/philliphanson/Documents/Design/web/hson/hson-live/docs/hson-nodes.md", "Markdown", 0, 175, 0, 0, 0, 0, 57, 232
"/Users/philliphanson/Documents/Design/web/hson/hson-live/docs/hson-syntax.md", "Markdown", 0, 182, 0, 0, 0, 0, 96, 278
"/Users/philliphanson/Documents/Design/web/hson/hson-live/docs/inspector-release-notes.md", "Markdown", 0, 4, 0, 0, 0, 0, 3, 7
"/Users/philliphanson/Documents/Design/web/hson/hson-live/docs/livehost/api-livehost.md", "Markdown", 0, 323, 0, 0, 0, 0, 112, 435
"/Users/philliphanson/Documents/Design/web/hson/hson-live/docs/livehost/authority.md", "Markdown", 0, 0, 0, 0, 0, 0, 1, 1
"/Users/philliphanson/Documents/Design/web/hson/hson-live/docs/livehost/overview.md", "Markdown", 0, 370, 0, 0, 0, 0, 194, 564
"/Users/philliphanson/Documents/Design/web/hson/hson-live/docs/livehost/persistence.md", "Markdown", 0, 0, 0, 0, 0, 0, 1, 1
"/Users/philliphanson/Documents/Design/web/hson/hson-live/docs/livemap/api-livemap.md", "Markdown", 0, 381, 0, 0, 0, 0, 187, 568
"/Users/philliphanson/Documents/Design/web/hson/hson-live/docs/livemap/capture-replay.md", "Markdown", 0, 0, 0, 0, 0, 0, 1, 1
"/Users/philliphanson/Documents/Design/web/hson/hson-live/docs/livemap/document-map.md", "Markdown", 0, 0, 0, 0, 0, 0, 1, 1
"/Users/philliphanson/Documents/Design/web/hson/hson-live/docs/livemap/handle-proxy.md", "Markdown", 0, 108, 0, 0, 0, 0, 38, 146
"/Users/philliphanson/Documents/Design/web/hson/hson-live/docs/livemap/hson-livemap.md", "Markdown", 0, 517, 0, 0, 0, 13, 166, 696
"/Users/philliphanson/Documents/Design/web/hson/hson-live/docs/livemap/identity.md", "Markdown", 0, 0, 0, 0, 0, 0, 2, 2
"/Users/philliphanson/Documents/Design/web/hson/hson-live/docs/livemap/mutate-commit.md", "Markdown", 0, 0, 0, 0, 0, 0, 1, 1
"/Users/philliphanson/Documents/Design/web/hson/hson-live/docs/livemap/overview.md", "Markdown", 0, 1396, 0, 0, 0, 0, 695, 2091
"/Users/philliphanson/Documents/Design/web/hson/hson-live/docs/livemap/projected-data.md", "Markdown", 0, 0, 0, 0, 0, 0, 1, 1
"/Users/philliphanson/Documents/Design/web/hson/hson-live/docs/livemap/schema.md", "Markdown", 0, 0, 0, 0, 0, 0, 1, 1
"/Users/philliphanson/Documents/Design/web/hson/hson-live/docs/livemap/subscribe-feed.md", "Markdown", 0, 0, 0, 0, 0, 0, 1, 1
"/Users/philliphanson/Documents/Design/web/hson/hson-live/docs/livetree-runtime-scope.md", "Markdown", 0, 271, 0, 0, 0, 0, 61, 332
"/Users/philliphanson/Documents/Design/web/hson/hson-live/docs/livetree/api-css-manager.md", "Markdown", 0, 450, 0, 0, 0, 0, 137, 587
"/Users/philliphanson/Documents/Design/web/hson/hson-live/docs/livetree/api-livetree.md", "Markdown", 0, 717, 0, 0, 0, 0, 148, 865
"/Users/philliphanson/Documents/Design/web/hson/hson-live/docs/plans/circuit-livehost-worker-audit.md", "Markdown", 0, 496, 0, 0, 0, 0, 158, 654
"/Users/philliphanson/Documents/Design/web/hson/hson-live/docs/plans/connectivity-layer-fascia-audit.md", "Markdown", 0, 312, 0, 0, 0, 0, 122, 434
"/Users/philliphanson/Documents/Design/web/hson/hson-live/docs/plans/quid-path-authority-refactor-plan.md", "Markdown", 0, 641, 0, 0, 0, 0, 210, 851
"/Users/philliphanson/Documents/Design/web/hson/hson-live/docs/plans/quid-scale-and-namespace-proof.md", "Markdown", 0, 422, 0, 0, 0, 0, 70, 492
"/Users/philliphanson/Documents/Design/web/hson/hson-live/docs/plans/quid-scope-and-encoding-audit.md", "Markdown", 0, 366, 0, 0, 0, 0, 124, 490
"/Users/philliphanson/Documents/Design/web/hson/hson-live/docs/plans/reflected-identity-coordination-audit.md", "Markdown", 0, 320, 0, 0, 0, 0, 153, 473
"/Users/philliphanson/Documents/Design/web/hson/hson-live/docs/release-notes/v-3-3.md", "Markdown", 0, 973, 0, 0, 0, 0, 494, 1467
"/Users/philliphanson/Documents/Design/web/hson/hson-live/docs/release-notes/v2-1-release-notes.md", "Markdown", 0, 63, 0, 0, 0, 0, 33, 96
"/Users/philliphanson/Documents/Design/web/hson/hson-live/docs/release-notes/v2-2-1-release-notes.md", "Markdown", 0, 7, 0, 0, 0, 0, 4, 11
"/Users/philliphanson/Documents/Design/web/hson/hson-live/docs/release-notes/v2-2-release-notes.md", "Markdown", 0, 96, 0, 0, 0, 0, 52, 148
"/Users/philliphanson/Documents/Design/web/hson/hson-live/docs/release-notes/v2-3-1-release-notes.md", "Markdown", 0, 130, 0, 0, 0, 0, 24, 154
"/Users/philliphanson/Documents/Design/web/hson/hson-live/docs/release-notes/v2-3-3-release-notes.md", "Markdown", 0, 23, 0, 0, 0, 0, 2, 25
"/Users/philliphanson/Documents/Design/web/hson/hson-live/docs/release-notes/v2-3-4-release-notes.md", "Markdown", 0, 1, 0, 0, 0, 0, 0, 1
"/Users/philliphanson/Documents/Design/web/hson/hson-live/docs/release-notes/v2-3-5-release-notes.md", "Markdown", 0, 104, 0, 0, 0, 0, 46, 150
"/Users/philliphanson/Documents/Design/web/hson/hson-live/docs/release-notes/v3-0-0-release-notes.md", "Markdown", 0, 257, 0, 0, 0, 0, 83, 340
"/Users/philliphanson/Documents/Design/web/hson/hson-live/docs/release-notes/v3-1-0-release-notes.md", "Markdown", 0, 0, 0, 0, 0, 0, 1, 1
"/Users/philliphanson/Documents/Design/web/hson/hson-live/docs/release-notes/v3-2-0-release-notes.md", "Markdown", 0, 147, 0, 0, 0, 0, 84, 231
"/Users/philliphanson/Documents/Design/web/hson/hson-live/docs/release-notes/v3-2-1.md", "Markdown", 0, 170, 0, 0, 0, 0, 23, 193
"/Users/philliphanson/Documents/Design/web/hson/hson-live/docs/release-notes/v3-lifecycle-migration.md", "Markdown", 0, 29, 0, 0, 0, 0, 7, 36
"/Users/philliphanson/Documents/Design/web/hson/hson-live/docs/transform/api-transform.md", "Markdown", 0, 278, 0, 0, 0, 0, 137, 415
"/Users/philliphanson/Documents/Design/web/hson/hson-live/package-lock.json", "JSON", 0, 0, 2922, 0, 0, 0, 1, 2923
"/Users/philliphanson/Documents/Design/web/hson/hson-live/package.json", "JSON", 0, 0, 239, 0, 0, 0, 1, 240
"/Users/philliphanson/Documents/Design/web/hson/hson-live/readme.md", "Markdown", 0, 433, 0, 0, 0, 0, 176, 609
"/Users/philliphanson/Documents/Design/web/hson/hson-live/src/_tests/test-exports.ts", "TypeScript", 187, 0, 0, 0, 0, 23, 17, 227
"/Users/philliphanson/Documents/Design/web/hson/hson-live/src/_tests/test-launchers.ts", "TypeScript", 1328, 0, 0, 0, 0, 8, 8, 1344
"/Users/philliphanson/Documents/Design/web/hson/hson-live/src/_tests/transform-oracle.ts", "TypeScript", 582, 0, 0, 0, 0, 4, 35, 621
"/Users/philliphanson/Documents/Design/web/hson/hson-live/src/api/livehost/index.ts", "TypeScript", 80, 0, 0, 0, 0, 0, 2, 82
"/Users/philliphanson/Documents/Design/web/hson/hson-live/src/api/livehost/livehost.actions.ts", "TypeScript", 347, 0, 0, 0, 0, 0, 32, 379
"/Users/philliphanson/Documents/Design/web/hson/hson-live/src/api/livehost/livehost.activity.ts", "TypeScript", 111, 0, 0, 0, 0, 2, 11, 124
"/Users/philliphanson/Documents/Design/web/hson/hson-live/src/api/livehost/livehost.authority-registry.ts", "TypeScript", 382, 0, 0, 0, 0, 2, 27, 411
"/Users/philliphanson/Documents/Design/web/hson/hson-live/src/api/livehost/livehost.authority.ts", "TypeScript", 308, 0, 0, 0, 0, 1, 26, 335
"/Users/philliphanson/Documents/Design/web/hson/hson-live/src/api/livehost/livehost.bootstrap.ts", "TypeScript", 534, 0, 0, 0, 0, 6, 30, 570
"/Users/philliphanson/Documents/Design/web/hson/hson-live/src/api/livehost/livehost.browser-socket.ts", "TypeScript", 136, 0, 0, 0, 0, 1, 11, 148
"/Users/philliphanson/Documents/Design/web/hson/hson-live/src/api/livehost/livehost.client.ts", "TypeScript", 1215, 0, 0, 0, 0, 3, 71, 1289
"/Users/philliphanson/Documents/Design/web/hson/hson-live/src/api/livehost/livehost.core.ts", "TypeScript", 1750, 0, 0, 0, 0, 5, 97, 1852
"/Users/philliphanson/Documents/Design/web/hson/hson-live/src/api/livehost/livehost.document-actions.ts", "TypeScript", 216, 0, 0, 0, 0, 1, 25, 242
"/Users/philliphanson/Documents/Design/web/hson/hson-live/src/api/livehost/livehost.document-snapshot.ts", "TypeScript", 195, 0, 0, 0, 0, 16, 22, 233
"/Users/philliphanson/Documents/Design/web/hson/hson-live/src/api/livehost/livehost.error.ts", "TypeScript", 45, 0, 0, 0, 0, 0, 11, 56
"/Users/philliphanson/Documents/Design/web/hson/hson-live/src/api/livehost/livehost.facade.ts", "TypeScript", 22, 0, 0, 0, 0, 5, 3, 30
"/Users/philliphanson/Documents/Design/web/hson/hson-live/src/api/livehost/livehost.graph-content-codec.ts", "TypeScript", 144, 0, 0, 0, 0, 0, 11, 155
"/Users/philliphanson/Documents/Design/web/hson/hson-live/src/api/livehost/livehost.history.ts", "TypeScript", 593, 0, 0, 0, 0, 11, 49, 653
"/Users/philliphanson/Documents/Design/web/hson/hson-live/src/api/livehost/livehost.persistence.error.ts", "TypeScript", 19, 0, 0, 0, 0, 1, 2, 22
"/Users/philliphanson/Documents/Design/web/hson/hson-live/src/api/livehost/livehost.persistence.ts", "TypeScript", 536, 0, 0, 0, 0, 4, 27, 567
"/Users/philliphanson/Documents/Design/web/hson/hson-live/src/api/livehost/livehost.protocol.ts", "TypeScript", 982, 0, 0, 0, 0, 12, 76, 1070
"/Users/philliphanson/Documents/Design/web/hson/hson-live/src/api/livehost/livehost.recovery.ts", "TypeScript", 626, 0, 0, 0, 0, 14, 56, 696
"/Users/philliphanson/Documents/Design/web/hson/hson-live/src/api/livehost/livehost.session.ts", "TypeScript", 300, 0, 0, 0, 0, 1, 28, 329
"/Users/philliphanson/Documents/Design/web/hson/hson-live/src/api/livehost/livehost.store.ts", "TypeScript", 65, 0, 0, 0, 0, 1, 17, 83
"/Users/philliphanson/Documents/Design/web/hson/hson-live/src/api/livehost/livehost.sync.ts", "TypeScript", 182, 0, 0, 0, 0, 1, 32, 215
"/Users/philliphanson/Documents/Design/web/hson/hson-live/src/api/livehost/livehost.trace.collector.ts", "TypeScript", 39, 0, 0, 0, 0, 1, 4, 44
"/Users/philliphanson/Documents/Design/web/hson/hson-live/src/api/livehost/livehost.trace.console.ts", "TypeScript", 43, 0, 0, 0, 0, 2, 6, 51
"/Users/philliphanson/Documents/Design/web/hson/hson-live/src/api/livehost/livehost.trace.ts", "TypeScript", 134, 0, 0, 0, 0, 3, 15, 152
"/Users/philliphanson/Documents/Design/web/hson/hson-live/src/api/livehost/node/index.ts", "TypeScript", 50, 0, 0, 0, 0, 0, 1, 51
"/Users/philliphanson/Documents/Design/web/hson/hson-live/src/api/livehost/node/livehost.node-application-host.ts", "TypeScript", 738, 0, 0, 0, 0, 8, 35, 781
"/Users/philliphanson/Documents/Design/web/hson/hson-live/src/api/livehost/node/livehost.node-bootstrap-http.ts", "TypeScript", 166, 0, 0, 0, 0, 2, 10, 178
"/Users/philliphanson/Documents/Design/web/hson/hson-live/src/api/livehost/node/livehost.node-policy.ts", "TypeScript", 232, 0, 0, 0, 0, 4, 20, 256
"/Users/philliphanson/Documents/Design/web/hson/hson-live/src/api/livehost/node/livehost.node-runtime.ts", "TypeScript", 25, 0, 0, 0, 0, 1, 4, 30
"/Users/philliphanson/Documents/Design/web/hson/hson-live/src/api/livehost/node/livehost.node-socket.ts", "TypeScript", 78, 0, 0, 0, 0, 1, 4, 83
"/Users/philliphanson/Documents/Design/web/hson/hson-live/src/api/liveinspect/liveinspect.error.ts", "TypeScript", 41, 0, 0, 0, 0, 0, 4, 45
"/Users/philliphanson/Documents/Design/web/hson/hson-live/src/api/liveinspect/liveinspect.facade.ts", "TypeScript", 51, 0, 0, 0, 0, 1, 4, 56
"/Users/philliphanson/Documents/Design/web/hson/hson-live/src/api/liveinspect/liveinspect.source.ts", "TypeScript", 213, 0, 0, 0, 0, 5, 18, 236
"/Users/philliphanson/Documents/Design/web/hson/hson-live/src/api/liveinspect/liveinspect.ts", "TypeScript", 1374, 0, 0, 0, 0, 0, 99, 1473
"/Users/philliphanson/Documents/Design/web/hson/hson-live/src/api/livemap/index.ts", "TypeScript", 70, 0, 0, 0, 0, 0, 1, 71
"/Users/philliphanson/Documents/Design/web/hson/hson-live/src/api/livemap/livemap-helpers.ts", "TypeScript", 78, 0, 0, 0, 0, 77, 25, 180
"/Users/philliphanson/Documents/Design/web/hson/hson-live/src/api/livemap/livemap.authority.ts", "TypeScript", 251, 0, 0, 0, 0, 4, 28, 283
"/Users/philliphanson/Documents/Design/web/hson/hson-live/src/api/livemap/livemap.bridge-bindings.ts", "TypeScript", 193, 0, 0, 0, 0, 9, 49, 251
"/Users/philliphanson/Documents/Design/web/hson/hson-live/src/api/livemap/livemap.bridge.ts", "TypeScript", 309, 0, 0, 0, 0, 47, 71, 427
"/Users/philliphanson/Documents/Design/web/hson/hson-live/src/api/livemap/livemap.commit-observer.ts", "TypeScript", 33, 0, 0, 0, 0, 1, 3, 37
"/Users/philliphanson/Documents/Design/web/hson/hson-live/src/api/livemap/livemap.compat.ts", "TypeScript", 42, 0, 0, 0, 0, 5, 5, 52
"/Users/philliphanson/Documents/Design/web/hson/hson-live/src/api/livemap/livemap.core.ts", "TypeScript", 2124, 0, 0, 0, 0, 104, 162, 2390
"/Users/philliphanson/Documents/Design/web/hson/hson-live/src/api/livemap/livemap.document.attrs.ts", "TypeScript", 160, 0, 0, 0, 0, 3, 10, 173
"/Users/philliphanson/Documents/Design/web/hson/hson-live/src/api/livemap/livemap.document.capture.ts", "TypeScript", 164, 0, 0, 0, 0, 5, 15, 184
"/Users/philliphanson/Documents/Design/web/hson/hson-live/src/api/livemap/livemap.document.id-discovery.ts", "TypeScript", 39, 0, 0, 0, 0, 6, 4, 49
"/Users/philliphanson/Documents/Design/web/hson/hson-live/src/api/livemap/livemap.document.identity-handle.ts", "TypeScript", 96, 0, 0, 0, 0, 3, 11, 110
"/Users/philliphanson/Documents/Design/web/hson/hson-live/src/api/livemap/livemap.document.identity.ts", "TypeScript", 435, 0, 0, 0, 0, 32, 41, 508
"/Users/philliphanson/Documents/Design/web/hson/hson-live/src/api/livemap/livemap.document.install.ts", "TypeScript", 176, 0, 0, 0, 0, 3, 13, 192
"/Users/philliphanson/Documents/Design/web/hson/hson-live/src/api/livemap/livemap.document.location.ts", "TypeScript", 378, 0, 0, 0, 0, 2, 27, 407
"/Users/philliphanson/Documents/Design/web/hson/hson-live/src/api/livemap/livemap.document.logical.ts", "TypeScript", 566, 0, 0, 0, 0, 20, 43, 629
"/Users/philliphanson/Documents/Design/web/hson/hson-live/src/api/livemap/livemap.document.mutation.ts", "TypeScript", 881, 0, 0, 0, 0, 10, 61, 952
"/Users/philliphanson/Documents/Design/web/hson/hson-live/src/api/livemap/livemap.document.path.ts", "TypeScript", 259, 0, 0, 0, 0, 17, 22, 298
"/Users/philliphanson/Documents/Design/web/hson/hson-live/src/api/livemap/livemap.document.registration.ts", "TypeScript", 221, 0, 0, 0, 0, 11, 20, 252
"/Users/philliphanson/Documents/Design/web/hson/hson-live/src/api/livemap/livemap.document.replay.ts", "TypeScript", 191, 0, 0, 0, 0, 1, 13, 205
"/Users/philliphanson/Documents/Design/web/hson/hson-live/src/api/livemap/livemap.document.schema.ts", "TypeScript", 729, 0, 0, 0, 0, 0, 63, 792
"/Users/philliphanson/Documents/Design/web/hson/hson-live/src/api/livemap/livemap.document.target.ts", "TypeScript", 236, 0, 0, 0, 0, 9, 21, 266
"/Users/philliphanson/Documents/Design/web/hson/hson-live/src/api/livemap/livemap.document.ts", "TypeScript", 335, 0, 0, 0, 0, 10, 27, 372
"/Users/philliphanson/Documents/Design/web/hson/hson-live/src/api/livemap/livemap.document.view-state-codec.error.ts", "TypeScript", 23, 0, 0, 0, 0, 2, 2, 27
"/Users/philliphanson/Documents/Design/web/hson/hson-live/src/api/livemap/livemap.document.view-state-codec.ts", "TypeScript", 655, 0, 0, 0, 0, 9, 48, 712
"/Users/philliphanson/Documents/Design/web/hson/hson-live/src/api/livemap/livemap.editor.ts", "TypeScript", 313, 0, 0, 0, 0, 175, 83, 571
"/Users/philliphanson/Documents/Design/web/hson/hson-live/src/api/livemap/livemap.error.ts", "TypeScript", 301, 0, 0, 0, 0, 7, 39, 347
"/Users/philliphanson/Documents/Design/web/hson/hson-live/src/api/livemap/livemap.facade.ts", "TypeScript", 42, 0, 0, 0, 0, 4, 8, 54
"/Users/philliphanson/Documents/Design/web/hson/hson-live/src/api/livemap/livemap.feed.ts", "TypeScript", 117, 0, 0, 0, 0, 60, 19, 196
"/Users/philliphanson/Documents/Design/web/hson/hson-live/src/api/livemap/livemap.guard.ts", "TypeScript", 66, 0, 0, 0, 0, 22, 19, 107
"/Users/philliphanson/Documents/Design/web/hson/hson-live/src/api/livemap/livemap.handle-array.ts", "TypeScript", 271, 0, 0, 0, 0, 1, 22, 294
"/Users/philliphanson/Documents/Design/web/hson/hson-live/src/api/livemap/livemap.handle-object.ts", "TypeScript", 148, 0, 0, 0, 0, 3, 12, 163
"/Users/philliphanson/Documents/Design/web/hson/hson-live/src/api/livemap/livemap.handle.ts", "TypeScript", 235, 0, 0, 0, 0, 46, 27, 308
"/Users/philliphanson/Documents/Design/web/hson/hson-live/src/api/livemap/livemap.identity-epoch.ts", "TypeScript", 170, 0, 0, 0, 0, 13, 16, 199
"/Users/philliphanson/Documents/Design/web/hson/hson-live/src/api/livemap/livemap.index.ts", "TypeScript", 24, 0, 0, 0, 0, 1, 4, 29
"/Users/philliphanson/Documents/Design/web/hson/hson-live/src/api/livemap/livemap.internal.ts", "TypeScript", 18, 0, 0, 0, 0, 3, 6, 27
"/Users/philliphanson/Documents/Design/web/hson/hson-live/src/api/livemap/livemap.link.ts", "TypeScript", 162, 0, 0, 0, 0, 44, 26, 232
"/Users/philliphanson/Documents/Design/web/hson/hson-live/src/api/livemap/livemap.node.ts", "TypeScript", 24, 0, 0, 0, 0, 9, 8, 41
"/Users/philliphanson/Documents/Design/web/hson/hson-live/src/api/livemap/livemap.path.ts", "TypeScript", 32, 0, 0, 0, 0, 22, 12, 66
"/Users/philliphanson/Documents/Design/web/hson/hson-live/src/api/livemap/livemap.projected-propagation.ts", "TypeScript", 69, 0, 0, 0, 0, 2, 13, 84
"/Users/philliphanson/Documents/Design/web/hson/hson-live/src/api/livemap/livemap.projected.capture.ts", "TypeScript", 75, 0, 0, 0, 0, 1, 5, 81
"/Users/philliphanson/Documents/Design/web/hson/hson-live/src/api/livemap/livemap.projected.identity-handle.ts", "TypeScript", 190, 0, 0, 0, 0, 4, 12, 206
"/Users/philliphanson/Documents/Design/web/hson/hson-live/src/api/livemap/livemap.projected.identity.ts", "TypeScript", 208, 0, 0, 0, 0, 5, 21, 234
"/Users/philliphanson/Documents/Design/web/hson/hson-live/src/api/livemap/livemap.proxy.ts", "TypeScript", 117, 0, 0, 0, 0, 40, 18, 175
"/Users/philliphanson/Documents/Design/web/hson/hson-live/src/api/livemap/livemap.quid-allocation.ts", "TypeScript", 28, 0, 0, 0, 0, 2, 6, 36
"/Users/philliphanson/Documents/Design/web/hson/hson-live/src/api/livemap/livemap.replay.ts", "TypeScript", 185, 0, 0, 0, 0, 1, 26, 212
"/Users/philliphanson/Documents/Design/web/hson/hson-live/src/api/livemap/livemap.schema.ts", "TypeScript", 1500, 0, 0, 0, 0, 35, 185, 1720
"/Users/philliphanson/Documents/Design/web/hson/hson-live/src/api/livemap/livemap.store.ts", "TypeScript", 110, 0, 0, 0, 0, 26, 17, 153
"/Users/philliphanson/Documents/Design/web/hson/hson-live/src/api/livemap/livemap.transport.ts", "TypeScript", 331, 0, 0, 0, 0, 5, 32, 368
"/Users/philliphanson/Documents/Design/web/hson/hson-live/src/api/livemap/livemap.watch.ts", "TypeScript", 119, 0, 0, 0, 0, 5, 16, 140
"/Users/philliphanson/Documents/Design/web/hson/hson-live/src/api/livetree/creation/create-branch.ts", "TypeScript", 36, 0, 0, 0, 0, 16, 5, 57
"/Users/philliphanson/Documents/Design/web/hson/hson-live/src/api/livetree/creation/create-livetree.ts", "TypeScript", 31, 0, 0, 0, 0, 24, 9, 64
"/Users/philliphanson/Documents/Design/web/hson/hson-live/src/api/livetree/creation/graft.ts", "TypeScript", 131, 0, 0, 0, 0, 20, 25, 176
"/Users/philliphanson/Documents/Design/web/hson/hson-live/src/api/livetree/creation/make-detached-livetree.ts", "TypeScript", 113, 0, 0, 0, 0, 11, 26, 150
"/Users/philliphanson/Documents/Design/web/hson/hson-live/src/api/livetree/creation/make-tree-selector.ts", "TypeScript", 5, 0, 0, 0, 0, 7, 3, 15
"/Users/philliphanson/Documents/Design/web/hson/hson-live/src/api/livetree/creation/project-live-tree.ts", "TypeScript", 233, 0, 0, 0, 0, 56, 28, 317
"/Users/philliphanson/Documents/Design/web/hson/hson-live/src/api/livetree/creation/tree-selector.ts", "TypeScript", 122, 0, 0, 0, 0, 13, 33, 168
"/Users/philliphanson/Documents/Design/web/hson/hson-live/src/api/livetree/debug/materialization-profile.ts", "TypeScript", 94, 0, 0, 0, 0, 0, 7, 101
"/Users/philliphanson/Documents/Design/web/hson/hson-live/src/api/livetree/index.ts", "TypeScript", 62, 0, 0, 0, 0, 0, 2, 64
"/Users/philliphanson/Documents/Design/web/hson/hson-live/src/api/livetree/lifecycle/document-binding-state.ts", "TypeScript", 84, 0, 0, 0, 0, 2, 15, 101
"/Users/philliphanson/Documents/Design/web/hson/hson-live/src/api/livetree/lifecycle/graph-ownership.ts", "TypeScript", 44, 0, 0, 0, 0, 2, 10, 56
"/Users/philliphanson/Documents/Design/web/hson/hson-live/src/api/livetree/lifecycle/public-lifecycle.ts", "TypeScript", 109, 0, 0, 0, 0, 0, 19, 128
"/Users/philliphanson/Documents/Design/web/hson/hson-live/src/api/livetree/lifecycle/runtime-detach.ts", "TypeScript", 30, 0, 0, 0, 0, 6, 7, 43
"/Users/philliphanson/Documents/Design/web/hson/hson-live/src/api/livetree/livetree-state.ts", "TypeScript", 36, 0, 0, 0, 0, 1, 7, 44
"/Users/philliphanson/Documents/Design/web/hson/hson-live/src/api/livetree/livetree.error.ts", "TypeScript", 93, 0, 0, 0, 0, 1, 14, 108
"/Users/philliphanson/Documents/Design/web/hson/hson-live/src/api/livetree/livetree.facade.ts", "TypeScript", 58, 0, 0, 0, 0, 3, 2, 63
"/Users/philliphanson/Documents/Design/web/hson/hson-live/src/api/livetree/livetree.ts", "TypeScript", 364, 0, 0, 0, 0, 284, 66, 714
"/Users/philliphanson/Documents/Design/web/hson/hson-live/src/api/livetree/managers/at-property-builder.ts", "TypeScript", 92, 0, 0, 0, 0, 98, 35, 225
"/Users/philliphanson/Documents/Design/web/hson/hson-live/src/api/livetree/managers/attr-handle.ts", "TypeScript", 408, 0, 0, 0, 0, 2, 31, 441
"/Users/philliphanson/Documents/Design/web/hson/hson-live/src/api/livetree/managers/canvas/canvas.types.ts", "TypeScript", 77, 0, 0, 0, 0, 33, 26, 136
"/Users/philliphanson/Documents/Design/web/hson/hson-live/src/api/livetree/managers/canvas/make-canvas-api.ts", "TypeScript", 258, 0, 0, 0, 0, 1, 64, 323
"/Users/philliphanson/Documents/Design/web/hson/hson-live/src/api/livetree/managers/content-manager.ts", "TypeScript", 133, 0, 0, 0, 0, 62, 38, 233
"/Users/philliphanson/Documents/Design/web/hson/hson-live/src/api/livetree/managers/css-manager.ts", "TypeScript", 412, 0, 0, 0, 0, 349, 102, 863
"/Users/philliphanson/Documents/Design/web/hson/hson-live/src/api/livetree/managers/data-manager.ts", "TypeScript", 56, 0, 0, 0, 0, 64, 35, 155
"/Users/philliphanson/Documents/Design/web/hson/hson-live/src/api/livetree/managers/dom-api.ts", "TypeScript", 304, 0, 0, 0, 0, 21, 54, 379
"/Users/philliphanson/Documents/Design/web/hson/hson-live/src/api/livetree/managers/global-css.ts", "TypeScript", 379, 0, 0, 0, 0, 171, 102, 652
"/Users/philliphanson/Documents/Design/web/hson/hson-live/src/api/livetree/managers/id-classlist.ts", "TypeScript", 69, 0, 0, 0, 0, 9, 21, 99
"/Users/philliphanson/Documents/Design/web/hson/hson-live/src/api/livetree/managers/index.ts", "TypeScript", 1, 0, 0, 0, 0, 1, 1, 3
"/Users/philliphanson/Documents/Design/web/hson/hson-live/src/api/livetree/managers/keyframes-manager.ts", "TypeScript", 192, 0, 0, 0, 0, 225, 69, 486
"/Users/philliphanson/Documents/Design/web/hson/hson-live/src/api/livetree/managers/lifecycle-registry.ts", "TypeScript", 148, 0, 0, 0, 0, 10, 29, 187
"/Users/philliphanson/Documents/Design/web/hson/hson-live/src/api/livetree/managers/listener-builder.ts", "TypeScript", 292, 0, 0, 0, 0, 90, 75, 457
"/Users/philliphanson/Documents/Design/web/hson/hson-live/src/api/livetree/managers/make-events.ts", "TypeScript", 31, 0, 0, 0, 0, 2, 8, 41
"/Users/philliphanson/Documents/Design/web/hson/hson-live/src/api/livetree/managers/style-getter.ts", "TypeScript", 75, 0, 0, 0, 0, 51, 27, 153
"/Users/philliphanson/Documents/Design/web/hson/hson-live/src/api/livetree/managers/style-manager.ts", "TypeScript", 262, 0, 0, 0, 0, 193, 60, 515
"/Users/philliphanson/Documents/Design/web/hson/hson-live/src/api/livetree/managers/style-setter.ts", "TypeScript", 171, 0, 0, 0, 0, 131, 43, 345
"/Users/philliphanson/Documents/Design/web/hson/hson-live/src/api/livetree/managers/svg-api.ts", "TypeScript", 133, 0, 0, 0, 0, 83, 39, 255
"/Users/philliphanson/Documents/Design/web/hson/hson-live/src/api/livetree/managers/text-form-values.ts", "TypeScript", 322, 0, 0, 0, 0, 110, 84, 516
"/Users/philliphanson/Documents/Design/web/hson/hson-live/src/api/livetree/methods/anim.ts", "TypeScript", 127, 0, 0, 0, 0, 142, 38, 307
"/Users/philliphanson/Documents/Design/web/hson/hson-live/src/api/livetree/methods/appends.ts", "TypeScript", 349, 0, 0, 0, 0, 52, 42, 443
"/Users/philliphanson/Documents/Design/web/hson/hson-live/src/api/livetree/methods/clone.ts", "TypeScript", 65, 0, 0, 0, 0, 16, 17, 98
"/Users/philliphanson/Documents/Design/web/hson/hson-live/src/api/livetree/methods/create/create-core.ts", "TypeScript", 243, 0, 0, 0, 0, 9, 66, 318
"/Users/philliphanson/Documents/Design/web/hson/hson-live/src/api/livetree/methods/create/create-html.ts", "TypeScript", 62, 0, 0, 0, 0, 1, 23, 86
"/Users/philliphanson/Documents/Design/web/hson/hson-live/src/api/livetree/methods/create/create-svg.ts", "TypeScript", 40, 0, 0, 0, 0, 1, 14, 55
"/Users/philliphanson/Documents/Design/web/hson/hson-live/src/api/livetree/methods/empty.ts", "TypeScript", 6, 0, 0, 0, 0, 27, 4, 37
"/Users/philliphanson/Documents/Design/web/hson/hson-live/src/api/livetree/methods/find.ts", "TypeScript", 291, 0, 0, 0, 0, 78, 101, 470
"/Users/philliphanson/Documents/Design/web/hson/hson-live/src/api/livetree/methods/livetree.bind.ts", "TypeScript", 348, 0, 0, 0, 0, 1, 59, 408
"/Users/philliphanson/Documents/Design/web/hson/hson-live/src/api/livetree/methods/livetree.css-quids.ts", "TypeScript", 470, 0, 0, 0, 0, 78, 92, 640
"/Users/philliphanson/Documents/Design/web/hson/hson-live/src/api/livetree/methods/next-frame-after-paint.ts", "TypeScript", 0, 0, 0, 0, 0, 40, 2, 42
"/Users/philliphanson/Documents/Design/web/hson/hson-live/src/api/livetree/methods/remove-child.ts", "TypeScript", 58, 0, 0, 0, 0, 15, 16, 89
"/Users/philliphanson/Documents/Design/web/hson/hson-live/src/api/livetree/methods/search.ts", "TypeScript", 98, 0, 0, 0, 0, 118, 21, 237
"/Users/philliphanson/Documents/Design/web/hson/hson-live/src/api/livetree/quid/data-quid.ts", "TypeScript", 390, 0, 0, 0, 0, 129, 52, 571
"/Users/philliphanson/Documents/Design/web/hson/hson-live/src/api/livetree/runtime/livetree-runtime.ts", "TypeScript", 178, 0, 0, 0, 0, 30, 21, 229
"/Users/philliphanson/Documents/Design/web/hson/hson-live/src/api/livetree/utils/detach-node.ts", "TypeScript", 37, 0, 0, 0, 0, 34, 5, 76
"/Users/philliphanson/Documents/Design/web/hson/hson-live/src/api/livetree/utils/dispose-node.ts", "TypeScript", 55, 0, 0, 0, 0, 14, 11, 80
"/Users/philliphanson/Documents/Design/web/hson/hson-live/src/api/livetree/utils/gate-mutation.ts", "TypeScript", 58, 0, 0, 0, 0, 53, 16, 127
"/Users/philliphanson/Documents/Design/web/hson/hson-live/src/api/livetree/utils/guard-api-surface.ts", "TypeScript", 52, 0, 0, 0, 0, 7, 7, 66
"/Users/philliphanson/Documents/Design/web/hson/hson-live/src/api/livetree/utils/node-map-helpers.ts", "TypeScript", 79, 0, 0, 0, 0, 52, 27, 158
"/Users/philliphanson/Documents/Design/web/hson/hson-live/src/api/livetree/utils/parse-selector.ts", "TypeScript", 27, 0, 0, 0, 0, 34, 12, 73
"/Users/philliphanson/Documents/Design/web/hson/hson-live/src/api/livetree/utils/subtree-traversal.ts", "TypeScript", 24, 0, 0, 0, 0, 6, 7, 37
"/Users/philliphanson/Documents/Design/web/hson/hson-live/src/api/reflect/index.ts", "TypeScript", 10, 0, 0, 0, 0, 0, 1, 11
"/Users/philliphanson/Documents/Design/web/hson/hson-live/src/api/reflect/reflect.collection.error.ts", "TypeScript", 35, 0, 0, 0, 0, 1, 4, 40
"/Users/philliphanson/Documents/Design/web/hson/hson-live/src/api/reflect/reflect.collection.ts", "TypeScript", 771, 0, 0, 0, 0, 2, 60, 833
"/Users/philliphanson/Documents/Design/web/hson/hson-live/src/api/reflect/reflect.document.error.ts", "TypeScript", 61, 0, 0, 0, 0, 1, 3, 65
"/Users/philliphanson/Documents/Design/web/hson/hson-live/src/api/reflect/reflect.document.root.ts", "TypeScript", 99, 0, 0, 0, 0, 1, 7, 107
"/Users/philliphanson/Documents/Design/web/hson/hson-live/src/api/reflect/reflect.document.structure.ts", "TypeScript", 513, 0, 0, 0, 0, 3, 37, 553
"/Users/philliphanson/Documents/Design/web/hson/hson-live/src/api/reflect/reflect.document.ts", "TypeScript", 1117, 0, 0, 0, 0, 5, 61, 1183
"/Users/philliphanson/Documents/Design/web/hson/hson-live/src/api/reflect/reflect.facade.ts", "TypeScript", 25, 0, 0, 0, 0, 1, 4, 30
"/Users/philliphanson/Documents/Design/web/hson/hson-live/src/api/transform/constructors/construct-options-3.ts", "TypeScript", 81, 0, 0, 0, 0, 3, 18, 102
"/Users/philliphanson/Documents/Design/web/hson/hson-live/src/api/transform/constructors/construct-output-2.ts", "TypeScript", 71, 0, 0, 0, 0, 24, 19, 114
"/Users/philliphanson/Documents/Design/web/hson/hson-live/src/api/transform/constructors/construct-render-4.ts", "TypeScript", 65, 0, 0, 0, 0, 26, 7, 98
"/Users/philliphanson/Documents/Design/web/hson/hson-live/src/api/transform/constructors/construct-source-1.ts", "TypeScript", 161, 0, 0, 0, 0, 114, 27, 302
"/Users/philliphanson/Documents/Design/web/hson/hson-live/src/api/transform/hson-calc.ts", "TypeScript", 4, 0, 0, 0, 0, 1, 1, 6
"/Users/philliphanson/Documents/Design/web/hson/hson-live/src/api/transform/hson-number.ts", "TypeScript", 6, 0, 0, 0, 0, 0, 1, 7
"/Users/philliphanson/Documents/Design/web/hson/hson-live/src/api/transform/hson-string.ts", "TypeScript", 38, 0, 0, 0, 0, 4, 6, 48
"/Users/philliphanson/Documents/Design/web/hson/hson-live/src/api/transform/index.ts", "TypeScript", 36, 0, 0, 0, 0, 0, 1, 37
"/Users/philliphanson/Documents/Design/web/hson/hson-live/src/api/transform/parsers/parse-external-html.transform.ts", "TypeScript", 31, 0, 0, 0, 0, 21, 6, 58
"/Users/philliphanson/Documents/Design/web/hson/hson-live/src/api/transform/parsers/parse-hson.ts", "TypeScript", 26, 0, 0, 0, 0, 19, 5, 50
"/Users/philliphanson/Documents/Design/web/hson/hson-live/src/api/transform/parsers/parse-html-string.ts", "TypeScript", 484, 0, 0, 0, 0, 4, 43, 531
"/Users/philliphanson/Documents/Design/web/hson/hson-live/src/api/transform/parsers/parse-html.ts", "TypeScript", 427, 0, 0, 0, 0, 182, 65, 674
"/Users/philliphanson/Documents/Design/web/hson/hson-live/src/api/transform/parsers/parse-json.ts", "TypeScript", 318, 0, 0, 0, 0, 194, 47, 559
"/Users/philliphanson/Documents/Design/web/hson/hson-live/src/api/transform/parsers/parse-tokens.ts", "TypeScript", 368, 0, 0, 0, 0, 96, 58, 522
"/Users/philliphanson/Documents/Design/web/hson/hson-live/src/api/transform/parsers/tokenize-hson.ts", "TypeScript", 1177, 0, 0, 0, 0, 23, 133, 1333
"/Users/philliphanson/Documents/Design/web/hson/hson-live/src/api/transform/serializers/serialize-hson.ts", "TypeScript", 508, 0, 0, 0, 0, 11, 47, 566
"/Users/philliphanson/Documents/Design/web/hson/hson-live/src/api/transform/serializers/serialize-html.ts", "TypeScript", 189, 0, 0, 0, 0, 156, 33, 378
"/Users/philliphanson/Documents/Design/web/hson/hson-live/src/api/transform/serializers/serialize-json.ts", "TypeScript", 270, 0, 0, 0, 0, 147, 31, 448
"/Users/philliphanson/Documents/Design/web/hson/hson-live/src/api/transform/token-factories.ts", "TypeScript", 20, 0, 0, 0, 0, 1, 8, 29
"/Users/philliphanson/Documents/Design/web/hson/hson-live/src/api/transform/token.types.ts", "TypeScript", 75, 0, 0, 0, 0, 122, 17, 214
"/Users/philliphanson/Documents/Design/web/hson/hson-live/src/api/transform/transform.browser.ts", "TypeScript", 17, 0, 0, 0, 0, 0, 5, 22
"/Users/philliphanson/Documents/Design/web/hson/hson-live/src/api/transform/transform.facade.ts", "TypeScript", 37, 0, 0, 0, 0, 6, 3, 46
"/Users/philliphanson/Documents/Design/web/hson/hson-live/src/api/transform/transform.types.ts", "TypeScript", 57, 0, 0, 0, 0, 15, 16, 88
"/Users/philliphanson/Documents/Design/web/hson/hson-live/src/api/transform/transform.universal.ts", "TypeScript", 100, 0, 0, 0, 0, 0, 9, 109
"/Users/philliphanson/Documents/Design/web/hson/hson-live/src/api/transform/utils/attrs-utils/camel_to_kebab.ts", "TypeScript", 7, 0, 0, 0, 0, 22, 2, 31
"/Users/philliphanson/Documents/Design/web/hson/hson-live/src/api/transform/utils/attrs-utils/normalize-css.ts", "TypeScript", 54, 0, 0, 0, 0, 53, 15, 122
"/Users/philliphanson/Documents/Design/web/hson/hson-live/src/api/transform/utils/attrs-utils/normalize_attrs_ws.ts", "TypeScript", 6, 0, 0, 0, 0, 21, 2, 29
"/Users/philliphanson/Documents/Design/web/hson/hson-live/src/api/transform/utils/attrs-utils/parse-style.ts", "TypeScript", 50, 0, 0, 0, 0, 33, 11, 94
"/Users/philliphanson/Documents/Design/web/hson/hson-live/src/api/transform/utils/attrs-utils/serialize-style.ts", "TypeScript", 29, 0, 0, 0, 0, 32, 11, 72
"/Users/philliphanson/Documents/Design/web/hson/hson-live/src/api/transform/utils/hson-utils/assert-attrs.ts", "TypeScript", 0, 0, 0, 0, 0, 41, 13, 54
"/Users/philliphanson/Documents/Design/web/hson/hson-live/src/api/transform/utils/hson-utils/hson-source-name.ts", "TypeScript", 20, 0, 0, 0, 0, 7, 3, 30
"/Users/philliphanson/Documents/Design/web/hson/hson-live/src/api/transform/utils/hson-utils/hson-tag-helpers.ts", "TypeScript", 47, 0, 0, 0, 0, 1, 15, 63
"/Users/philliphanson/Documents/Design/web/hson/hson-live/src/api/transform/utils/hson-utils/lex-text-piece.ts", "TypeScript", 12, 0, 0, 0, 0, 3, 3, 18
"/Users/philliphanson/Documents/Design/web/hson/hson-live/src/api/transform/utils/hson-utils/quid-ingress.ts", "TypeScript", 51, 0, 0, 0, 0, 7, 4, 62
"/Users/philliphanson/Documents/Design/web/hson/hson-live/src/api/transform/utils/hson-utils/scan-quoted-block.ts", "TypeScript", 203, 0, 0, 0, 0, 22, 46, 271
"/Users/philliphanson/Documents/Design/web/hson/hson-live/src/api/transform/utils/hson-utils/slice-balance.ts", "TypeScript", 56, 0, 0, 0, 0, 52, 8, 116
"/Users/philliphanson/Documents/Design/web/hson/hson-live/src/api/transform/utils/hson-utils/split-array-string.ts", "TypeScript", 41, 0, 0, 0, 0, 40, 13, 94
"/Users/philliphanson/Documents/Design/web/hson/hson-live/src/api/transform/utils/hson-utils/split-attrs-meta.ts", "TypeScript", 35, 0, 0, 0, 0, 62, 11, 108
"/Users/philliphanson/Documents/Design/web/hson/hson-live/src/api/transform/utils/hson-utils/unescape-hson.ts", "TypeScript", 8, 0, 0, 0, 0, 10, 2, 20
"/Users/philliphanson/Documents/Design/web/hson/hson-live/src/api/transform/utils/html-preflights/escape-text.ts", "TypeScript", 37, 0, 0, 0, 0, 37, 6, 80
"/Users/philliphanson/Documents/Design/web/hson/hson-live/src/api/transform/utils/html-preflights/expand-entities.ts", "TypeScript", 16, 0, 0, 0, 0, 31, 3, 50
"/Users/philliphanson/Documents/Design/web/hson/hson-live/src/api/transform/utils/html-preflights/expand-flags.ts", "TypeScript", 22, 0, 0, 0, 0, 31, 10, 63
"/Users/philliphanson/Documents/Design/web/hson/hson-live/src/api/transform/utils/html-preflights/expand-self-closing.ts", "TypeScript", 22, 0, 0, 0, 0, 46, 9, 77
"/Users/philliphanson/Documents/Design/web/hson/hson-live/src/api/transform/utils/html-preflights/hson-metadata-transit.ts", "TypeScript", 205, 0, 0, 0, 0, 9, 19, 233
"/Users/philliphanson/Documents/Design/web/hson/hson-live/src/api/transform/utils/html-preflights/namespace-svg.ts", "TypeScript", 12, 0, 0, 0, 0, 29, 4, 45
"/Users/philliphanson/Documents/Design/web/hson/hson-live/src/api/transform/utils/html-preflights/optional-endtag.ts", "TypeScript", 190, 0, 0, 0, 0, 29, 42, 261
"/Users/philliphanson/Documents/Design/web/hson/hson-live/src/api/transform/utils/html-preflights/ordinary-attribute-transit.ts", "TypeScript", 244, 0, 0, 0, 0, 5, 27, 276
"/Users/philliphanson/Documents/Design/web/hson/hson-live/src/api/transform/utils/html-preflights/preflight-attrs-escaping.ts", "TypeScript", 45, 0, 0, 0, 0, 42, 11, 98
"/Users/philliphanson/Documents/Design/web/hson/hson-live/src/api/transform/utils/html-preflights/preflight-helpers.ts", "TypeScript", 24, 0, 0, 0, 0, 1, 6, 31
"/Users/philliphanson/Documents/Design/web/hson/hson-live/src/api/transform/utils/html-preflights/quoted-unquoted.ts", "TypeScript", 59, 0, 0, 0, 0, 41, 19, 119
"/Users/philliphanson/Documents/Design/web/hson/hson-live/src/api/transform/utils/html-preflights/strip-html-comments.ts", "TypeScript", 6, 0, 0, 0, 0, 22, 5, 33
"/Users/philliphanson/Documents/Design/web/hson/hson-live/src/api/transform/utils/html-utils/build-wire-attrs.ts", "TypeScript", 37, 0, 0, 0, 0, 31, 8, 76
"/Users/philliphanson/Documents/Design/web/hson/hson-live/src/api/transform/utils/html-utils/decode-html-string-transport.ts", "TypeScript", 19, 0, 0, 0, 0, 1, 2, 22
"/Users/philliphanson/Documents/Design/web/hson/hson-live/src/api/transform/utils/html-utils/encode-html-tag.ts", "TypeScript", 30, 0, 0, 0, 0, 1, 18, 49
"/Users/philliphanson/Documents/Design/web/hson/hson-live/src/api/transform/utils/html-utils/escape-html.ts", "TypeScript", 17, 0, 0, 0, 0, 27, 3, 47
"/Users/philliphanson/Documents/Design/web/hson/hson-live/src/api/transform/utils/html-utils/filter-xml.html.ts", "TypeScript", 60, 0, 0, 0, 0, 40, 10, 110
"/Users/philliphanson/Documents/Design/web/hson/hson-live/src/api/transform/utils/html-utils/parse_html_attrs.ts", "TypeScript", 202, 0, 0, 0, 0, 49, 22, 273
"/Users/philliphanson/Documents/Design/web/hson/hson-live/src/api/transform/utils/html-utils/unwrap-root-elem.ts", "TypeScript", 15, 0, 0, 0, 0, 18, 5, 38
"/Users/philliphanson/Documents/Design/web/hson/hson-live/src/api/transform/utils/json-utils/canonicalize.ts", "TypeScript", 14, 0, 0, 0, 0, 22, 3, 39
"/Users/philliphanson/Documents/Design/web/hson/hson-live/src/api/transform/utils/json-utils/key-prefix-guard.ts", "TypeScript", 10, 0, 0, 0, 0, 1, 3, 14
"/Users/philliphanson/Documents/Design/web/hson/hson-live/src/api/transform/utils/json-utils/normalize-ix.ts", "TypeScript", 10, 0, 0, 0, 0, 13, 5, 28
"/Users/philliphanson/Documents/Design/web/hson/hson-live/src/api/transform/utils/json-utils/ordered-json.ts", "TypeScript", 218, 0, 0, 0, 0, 10, 17, 245
"/Users/philliphanson/Documents/Design/web/hson/hson-live/src/api/transform/utils/json-utils/unwrap-root-obj.ts", "TypeScript", 17, 0, 0, 0, 0, 23, 5, 45
"/Users/philliphanson/Documents/Design/web/hson/hson-live/src/api/transform/utils/node-utils/detach-hson-root-value.ts", "TypeScript", 34, 0, 0, 0, 0, 7, 3, 44
"/Users/philliphanson/Documents/Design/web/hson/hson-live/src/api/transform/utils/node-utils/node-from-svg.ts", "TypeScript", 92, 0, 0, 0, 0, 39, 6, 137
"/Users/philliphanson/Documents/Design/web/hson/hson-live/src/api/transform/utils/primitive-utils/coerce-string.utils.ts", "TypeScript", 25, 0, 0, 0, 0, 27, 8, 60
"/Users/philliphanson/Documents/Design/web/hson/hson-live/src/api/transform/utils/primitive-utils/kebab-to-camel.util.ts", "TypeScript", 15, 0, 0, 0, 0, 21, 5, 41
"/Users/philliphanson/Documents/Design/web/hson/hson-live/src/api/transform/utils/primitive-utils/serialize-primitive.utils.ts", "TypeScript", 8, 0, 0, 0, 0, 13, 7, 28
"/Users/philliphanson/Documents/Design/web/hson/hson-live/src/api/transform/utils/sys-utils/snip.utils.ts", "TypeScript", 2, 0, 0, 0, 0, 8, 2, 12
"/Users/philliphanson/Documents/Design/web/hson/hson-live/src/api/transform/utils/sys-utils/throw-transform-err.utils.ts", "TypeScript", 1, 0, 0, 0, 0, 1, 2, 4
"/Users/philliphanson/Documents/Design/web/hson/hson-live/src/core/all-html-tags.ts", "TypeScript", 177, 0, 0, 0, 0, 34, 27, 238
"/Users/philliphanson/Documents/Design/web/hson/hson-live/src/core/assert-invariants.ts", "TypeScript", 416, 0, 0, 0, 0, 1, 52, 469
"/Users/philliphanson/Documents/Design/web/hson/hson-live/src/core/canonical-hson-equal.ts", "TypeScript", 260, 0, 0, 0, 0, 7, 20, 287
"/Users/philliphanson/Documents/Design/web/hson/hson-live/src/core/clone-node.ts", "TypeScript", 6, 0, 0, 0, 0, 3, 2, 11
"/Users/philliphanson/Documents/Design/web/hson/hson-live/src/core/constants.ts", "TypeScript", 44, 0, 0, 0, 0, 3, 16, 63
"/Users/philliphanson/Documents/Design/web/hson/hson-live/src/core/errors.ts", "TypeScript", 88, 0, 0, 0, 0, 7, 10, 105
"/Users/philliphanson/Documents/Design/web/hson/hson-live/src/core/factories.ts", "TypeScript", 14, 0, 0, 0, 0, 1, 4, 19
"/Users/philliphanson/Documents/Design/web/hson/hson-live/src/core/hson-array-indexes.ts", "TypeScript", 107, 0, 0, 0, 0, 15, 15, 137
"/Users/philliphanson/Documents/Design/web/hson/hson-live/src/core/hson-metadata.ts", "TypeScript", 144, 0, 0, 0, 0, 5, 18, 167
"/Users/philliphanson/Documents/Design/web/hson/hson-live/src/core/hson-name.ts", "TypeScript", 12, 0, 0, 0, 0, 1, 4, 17
"/Users/philliphanson/Documents/Design/web/hson/hson-live/src/core/hson-node-quid.ts", "TypeScript", 228, 0, 0, 0, 0, 31, 28, 287
"/Users/philliphanson/Documents/Design/web/hson/hson-live/src/core/hson-number.ts", "TypeScript", 42, 0, 0, 0, 0, 10, 8, 60
"/Users/philliphanson/Documents/Design/web/hson/hson-live/src/core/hson-structural-mode.ts", "TypeScript", 39, 0, 0, 0, 0, 7, 5, 51
"/Users/philliphanson/Documents/Design/web/hson/hson-live/src/core/index.ts", "TypeScript", 10, 0, 0, 0, 0, 1, 2, 13
"/Users/philliphanson/Documents/Design/web/hson/hson-live/src/core/inline-style.ts", "TypeScript", 51, 0, 0, 0, 0, 3, 8, 62
"/Users/philliphanson/Documents/Design/web/hson/hson-live/src/core/node-guards.ts", "TypeScript", 33, 0, 0, 0, 0, 2, 9, 44
"/Users/philliphanson/Documents/Design/web/hson/hson-live/src/core/node-storage.ts", "TypeScript", 16, 0, 0, 0, 0, 5, 6, 27
"/Users/philliphanson/Documents/Design/web/hson/hson-live/src/core/normalize-hson-graph.ts", "TypeScript", 215, 0, 0, 0, 0, 7, 17, 239
"/Users/philliphanson/Documents/Design/web/hson/hson-live/src/core/normalize-hson-semantic-value.ts", "TypeScript", 54, 0, 0, 0, 0, 11, 9, 74
"/Users/philliphanson/Documents/Design/web/hson/hson-live/src/core/ordered-projected-value-mutation.ts", "TypeScript", 223, 0, 0, 0, 0, 8, 27, 258
"/Users/philliphanson/Documents/Design/web/hson/hson-live/src/core/ordered-projected-value.ts", "TypeScript", 142, 0, 0, 0, 0, 9, 21, 172
"/Users/philliphanson/Documents/Design/web/hson/hson-live/src/core/persisted-quid.ts", "TypeScript", 7, 0, 0, 0, 0, 4, 1, 12
"/Users/philliphanson/Documents/Design/web/hson/hson-live/src/core/projected-value-admission.ts", "TypeScript", 238, 0, 0, 0, 0, 8, 24, 270
"/Users/philliphanson/Documents/Design/web/hson/hson-live/src/core/projected-value-graph.ts", "TypeScript", 152, 0, 0, 0, 0, 6, 15, 173
"/Users/philliphanson/Documents/Design/web/hson/hson-live/src/core/projected-value-materialization.ts", "TypeScript", 36, 0, 0, 0, 0, 1, 5, 42
"/Users/philliphanson/Documents/Design/web/hson/hson-live/src/core/public-attr-transitions.ts", "TypeScript", 75, 0, 0, 0, 0, 9, 11, 95
"/Users/philliphanson/Documents/Design/web/hson/hson-live/src/core/public-attrs.ts", "TypeScript", 89, 0, 0, 0, 0, 1, 9, 99
"/Users/philliphanson/Documents/Design/web/hson/hson-live/src/core/stringify.ts", "TypeScript", 69, 0, 0, 0, 0, 1, 19, 89
"/Users/philliphanson/Documents/Design/web/hson/hson-live/src/core/style.types.ts", "TypeScript", 65, 0, 0, 0, 0, 2, 15, 82
"/Users/philliphanson/Documents/Design/web/hson/hson-live/src/core/types.ts", "TypeScript", 37, 0, 0, 0, 0, 3, 10, 50
"/Users/philliphanson/Documents/Design/web/hson/hson-live/src/core/value-guards.ts", "TypeScript", 23, 0, 0, 0, 0, 1, 8, 32
"/Users/philliphanson/Documents/Design/web/hson/hson-live/src/diagnostics/assert-invariants.test.ts", "TypeScript", 4, 0, 0, 0, 0, 1, 2, 7
"/Users/philliphanson/Documents/Design/web/hson/hson-live/src/diagnostics/circuit-engine.ts", "TypeScript", 753, 0, 0, 0, 0, 1, 60, 814
"/Users/philliphanson/Documents/Design/web/hson/hson-live/src/diagnostics/circuit-transform-boundary.ts", "TypeScript", 40, 0, 0, 0, 0, 5, 4, 49
"/Users/philliphanson/Documents/Design/web/hson/hson-live/src/diagnostics/compare-nodes.test.ts", "TypeScript", 195, 0, 0, 0, 0, 107, 47, 349
"/Users/philliphanson/Documents/Design/web/hson/hson-live/src/diagnostics/diagnostics-helpers.ts", "TypeScript", 156, 0, 0, 0, 0, 4, 15, 175
"/Users/philliphanson/Documents/Design/web/hson/hson-live/src/diagnostics/index.ts", "TypeScript", 100, 0, 0, 0, 0, 2, 6, 108
"/Users/philliphanson/Documents/Design/web/hson/hson-live/src/diagnostics/livetree-contracts.md", "Markdown", 0, 7, 0, 0, 0, 0, 1, 8
"/Users/philliphanson/Documents/Design/web/hson/hson-live/src/diagnostics/livetree-runtime.test.ts", "TypeScript", 142, 0, 0, 0, 0, 0, 20, 162
"/Users/philliphanson/Documents/Design/web/hson/hson-live/src/diagnostics/test-circuit.ts", "TypeScript", 335, 0, 0, 0, 0, 13, 28, 376
"/Users/philliphanson/Documents/Design/web/hson/hson-live/src/diagnostics/test-format.ts", "TypeScript", 109, 0, 0, 0, 0, 1, 18, 128
"/Users/philliphanson/Documents/Design/web/hson/hson-live/src/diagnostics/verify-universal-circuit.ts", "TypeScript", 244, 0, 0, 0, 0, 8, 19, 271
"/Users/philliphanson/Documents/Design/web/hson/hson-live/src/hson.ts", "TypeScript", 70, 0, 0, 0, 0, 9, 6, 85
"/Users/philliphanson/Documents/Design/web/hson/hson-live/src/index.ts", "TypeScript", 454, 0, 0, 0, 0, 1, 3, 458
"/Users/philliphanson/Documents/Design/web/hson/hson-live/src/number.ts", "TypeScript", 8, 0, 0, 0, 0, 1, 1, 10
"/Users/philliphanson/Documents/Design/web/hson/hson-live/src/safety/escape_angles.ts", "TypeScript", 23, 0, 0, 0, 0, 31, 4, 58
"/Users/philliphanson/Documents/Design/web/hson/hson-live/src/safety/safe-mount.safe.ts", "TypeScript", 42, 0, 0, 0, 0, 96, 10, 148
"/Users/philliphanson/Documents/Design/web/hson/hson-live/src/safety/sanitize-html.utils.ts", "TypeScript", 165, 0, 0, 0, 0, 207, 24, 396
"/Users/philliphanson/Documents/Design/web/hson/hson-live/src/safety/screen-url.ts", "TypeScript", 15, 0, 0, 0, 0, 49, 3, 67
"/Users/philliphanson/Documents/Design/web/hson/hson-live/src/safety/unquoted-attrs.ts", "TypeScript", 14, 0, 0, 0, 0, 47, 1, 62
"/Users/philliphanson/Documents/Design/web/hson/hson-live/src/safety/wrap-cdata.ts", "TypeScript", 15, 0, 0, 0, 0, 49, 2, 66
"/Users/philliphanson/Documents/Design/web/hson/hson-live/src/types/animate.types.ts", "TypeScript", 39, 0, 0, 0, 0, 7, 15, 61
"/Users/philliphanson/Documents/Design/web/hson/hson-live/src/types/at-property.types.ts", "TypeScript", 39, 0, 0, 0, 0, 38, 14, 91
"/Users/philliphanson/Documents/Design/web/hson/hson-live/src/types/attrs.types.ts", "TypeScript", 24, 0, 0, 0, 0, 1, 5, 30
"/Users/philliphanson/Documents/Design/web/hson/hson-live/src/types/bridge.types.ts", "TypeScript", 77, 0, 0, 0, 0, 7, 16, 100
"/Users/philliphanson/Documents/Design/web/hson/hson-live/src/types/constructor.types.ts", "TypeScript", 73, 0, 0, 0, 0, 317, 34, 424
"/Users/philliphanson/Documents/Design/web/hson/hson-live/src/types/core.types.ts", "TypeScript", 7, 0, 0, 0, 0, 1, 2, 10
"/Users/philliphanson/Documents/Design/web/hson/hson-live/src/types/css.types.ts", "TypeScript", 149, 0, 0, 0, 0, 125, 33, 307
"/Users/philliphanson/Documents/Design/web/hson/hson-live/src/types/diagnostics.types.ts", "TypeScript", 64, 0, 0, 0, 0, 34, 16, 114
"/Users/philliphanson/Documents/Design/web/hson/hson-live/src/types/dom.types.ts", "TypeScript", 75, 0, 0, 0, 0, 84, 18, 177
"/Users/philliphanson/Documents/Design/web/hson/hson-live/src/types/events.types.ts", "TypeScript", 6, 0, 0, 0, 0, 1, 2, 9
"/Users/philliphanson/Documents/Design/web/hson/hson-live/src/types/globals.d.ts", "TypeScript", 3, 0, 0, 0, 0, 5, 2, 10
"/Users/philliphanson/Documents/Design/web/hson/hson-live/src/types/index.ts", "TypeScript", 281, 0, 0, 0, 0, 1, 2, 284
"/Users/philliphanson/Documents/Design/web/hson/hson-live/src/types/keyframes.types.ts", "TypeScript", 37, 0, 0, 0, 0, 131, 26, 194
"/Users/philliphanson/Documents/Design/web/hson/hson-live/src/types/lifecycle.types.ts", "TypeScript", 7, 0, 0, 0, 0, 4, 3, 14
"/Users/philliphanson/Documents/Design/web/hson/hson-live/src/types/listen.types.ts", "TypeScript", 131, 0, 0, 0, 0, 89, 37, 257
"/Users/philliphanson/Documents/Design/web/hson/hson-live/src/types/livehost.types.ts", "TypeScript", 1374, 0, 0, 0, 0, 39, 210, 1623
"/Users/philliphanson/Documents/Design/web/hson/hson-live/src/types/liveinspect.types.ts", "TypeScript", 187, 0, 0, 0, 0, 2, 19, 208
"/Users/philliphanson/Documents/Design/web/hson/hson-live/src/types/livemap.types.ts", "TypeScript", 1413, 0, 0, 0, 0, 256, 208, 1877
"/Users/philliphanson/Documents/Design/web/hson/hson-live/src/types/livetree-internals.types.ts", "TypeScript", 139, 0, 0, 0, 0, 240, 56, 435
"/Users/philliphanson/Documents/Design/web/hson/hson-live/src/types/livetree.types.ts", "TypeScript", 90, 0, 0, 0, 0, 102, 24, 216
"/Users/philliphanson/Documents/Design/web/hson/hson-live/src/types/node.types.ts", "TypeScript", 8, 0, 0, 0, 0, 1, 2, 11
"/Users/philliphanson/Documents/Design/web/hson/hson-live/src/types/reflect.types.ts", "TypeScript", 112, 0, 0, 0, 0, 6, 15, 133
"/Users/philliphanson/Documents/Design/web/hson/hson-live/src/types/svg.types.ts", "TypeScript", 45, 0, 0, 0, 0, 4, 7, 56
"/Users/philliphanson/Documents/Design/web/hson/hson-live/src/types/token.types.ts", "TypeScript", 1, 0, 0, 0, 0, 1, 2, 4
"/Users/philliphanson/Documents/Design/web/hson/hson-live/tests/README.md", "Markdown", 0, 9, 0, 0, 0, 0, 3, 12
"/Users/philliphanson/Documents/Design/web/hson/hson-live/tests/canonical-hson-equality.acceptance.mts", "TypeScript", 249, 0, 0, 0, 0, 0, 27, 276
"/Users/philliphanson/Documents/Design/web/hson/hson-live/tests/certified-authored-hson-corpus.acceptance.mts", "TypeScript", 81, 0, 0, 0, 0, 1, 11, 93
"/Users/philliphanson/Documents/Design/web/hson/hson-live/tests/certified-corpus/CORPUSNOTES.md", "Markdown", 0, 187, 0, 0, 0, 0, 76, 263
"/Users/philliphanson/Documents/Design/web/hson/hson-live/tests/certified-corpus/authored-accepted.mts", "TypeScript", 72, 0, 0, 0, 0, 0, 6, 78
"/Users/philliphanson/Documents/Design/web/hson/hson-live/tests/certified-corpus/authored-completeness-basis.mts", "TypeScript", 198, 0, 0, 0, 0, 0, 12, 210
"/Users/philliphanson/Documents/Design/web/hson/hson-live/tests/certified-corpus/authored-families.mts", "TypeScript", 210, 0, 0, 0, 0, 0, 14, 224
"/Users/philliphanson/Documents/Design/web/hson/hson-live/tests/certified-corpus/authored-name-delimiter-amendment.mts", "TypeScript", 38, 0, 0, 0, 0, 0, 8, 46
"/Users/philliphanson/Documents/Design/web/hson/hson-live/tests/certified-corpus/authored-rejected.mts", "TypeScript", 73, 0, 0, 0, 0, 0, 4, 77
"/Users/philliphanson/Documents/Design/web/hson/hson-live/tests/certified-corpus/authored-source-verdict-processing.mts", "TypeScript", 450, 0, 0, 0, 0, 0, 28, 478
"/Users/philliphanson/Documents/Design/web/hson/hson-live/tests/certified-corpus/authored-source-verdicts.mts", "TypeScript", 602, 0, 0, 0, 0, 8, 46, 656
"/Users/philliphanson/Documents/Design/web/hson/hson-live/tests/certified-corpus/corpus-integrity.mts", "TypeScript", 86, 0, 0, 0, 0, 0, 7, 93
"/Users/philliphanson/Documents/Design/web/hson/hson-live/tests/certified-corpus/corpus-manifest.mts", "TypeScript", 90, 0, 0, 0, 0, 0, 9, 99
"/Users/philliphanson/Documents/Design/web/hson/hson-live/tests/certified-corpus/corpus-review.mts", "TypeScript", 108, 0, 0, 0, 0, 0, 8, 116
"/Users/philliphanson/Documents/Design/web/hson/hson-live/tests/certified-corpus/corpus-runner.mts", "TypeScript", 349, 0, 0, 0, 0, 0, 25, 374
"/Users/philliphanson/Documents/Design/web/hson/hson-live/tests/certified-corpus/corpus-types.mts", "TypeScript", 108, 0, 0, 0, 0, 0, 15, 123
"/Users/philliphanson/Documents/Design/web/hson/hson-live/tests/certified-corpus/diagnostic-and-references.mts", "TypeScript", 55, 0, 0, 0, 0, 0, 5, 60
"/Users/philliphanson/Documents/Design/web/hson/hson-live/tests/certified-corpus/generate-authored-source-verdict-ledger.mts", "TypeScript", 53, 0, 0, 0, 0, 0, 5, 58
"/Users/philliphanson/Documents/Design/web/hson/hson-live/tests/certified-corpus/generate-authored-source-verdicts.mts", "TypeScript", 15, 0, 0, 0, 0, 0, 2, 17
"/Users/philliphanson/Documents/Design/web/hson/hson-live/tests/certified-corpus/generate-review-artifact.mts", "TypeScript", 3, 0, 0, 0, 0, 0, 2, 5
"/Users/philliphanson/Documents/Design/web/hson/hson-live/tests/certified-corpus/graph-expectations.mts", "TypeScript", 50, 0, 0, 0, 0, 0, 13, 63
"/Users/philliphanson/Documents/Design/web/hson/hson-live/tests/certified-corpus/graph-transports.mts", "TypeScript", 60, 0, 0, 0, 0, 0, 6, 66
"/Users/philliphanson/Documents/Design/web/hson/hson-live/tests/certified-corpus/html-transports.mts", "TypeScript", 117, 0, 0, 0, 0, 0, 12, 129
"/Users/philliphanson/Documents/Design/web/hson/hson-live/tests/certified-corpus/json-transports.mts", "TypeScript", 75, 0, 0, 0, 0, 0, 8, 83
"/Users/philliphanson/Documents/Design/web/hson/hson-live/tests/certified-corpus/validate-authored-source-verdict-ledger.mts", "TypeScript", 86, 0, 0, 0, 0, 0, 14, 100
"/Users/philliphanson/Documents/Design/web/hson/hson-live/tests/certified-corpus/validate-authored-source-verdicts.mts", "TypeScript", 37, 0, 0, 0, 0, 0, 5, 42
"/Users/philliphanson/Documents/Design/web/hson/hson-live/tests/circuit-failure-control.acceptance.mts", "TypeScript", 231, 0, 0, 0, 0, 0, 31, 262
"/Users/philliphanson/Documents/Design/web/hson/hson-live/tests/circuit-legacy-wrapper.acceptance.mts", "TypeScript", 175, 0, 0, 0, 0, 0, 31, 206
"/Users/philliphanson/Documents/Design/web/hson/hson-live/tests/circuit-semantic-engine.acceptance.mts", "TypeScript", 215, 0, 0, 0, 0, 0, 33, 248
"/Users/philliphanson/Documents/Design/web/hson/hson-live/tests/circuit-test-helpers.mts", "TypeScript", 108, 0, 0, 0, 0, 0, 9, 117
"/Users/philliphanson/Documents/Design/web/hson/hson-live/tests/diagnostics-inventory.acceptance.mts", "TypeScript", 232, 0, 0, 0, 0, 0, 13, 245
"/Users/philliphanson/Documents/Design/web/hson/hson-live/tests/document-same-quid-replacement-continuity.acceptance.mts", "TypeScript", 433, 0, 0, 0, 0, 1, 32, 466
"/Users/philliphanson/Documents/Design/web/hson/hson-live/tests/entrypoints/livehost-node.ts", "TypeScript", 11, 0, 0, 0, 0, 0, 3, 14
"/Users/philliphanson/Documents/Design/web/hson/hson-live/tests/entrypoints/livehost-worker.ts", "TypeScript", 19, 0, 0, 0, 0, 0, 3, 22
"/Users/philliphanson/Documents/Design/web/hson/hson-live/tests/entrypoints/livemap-worker.ts", "TypeScript", 93, 0, 0, 0, 0, 12, 7, 112
"/Users/philliphanson/Documents/Design/web/hson/hson-live/tests/entrypoints/livetree-browser.ts", "TypeScript", 5, 0, 0, 0, 0, 0, 2, 7
"/Users/philliphanson/Documents/Design/web/hson/hson-live/tests/entrypoints/public-entrypoints.ts", "TypeScript", 790, 0, 0, 0, 0, 80, 34, 904
"/Users/philliphanson/Documents/Design/web/hson/hson-live/tests/entrypoints/root-compatibility.ts", "TypeScript", 507, 0, 0, 0, 0, 0, 3, 510
"/Users/philliphanson/Documents/Design/web/hson/hson-live/tests/entrypoints/transform-worker.ts", "TypeScript", 26, 0, 0, 0, 0, 0, 2, 28
"/Users/philliphanson/Documents/Design/web/hson/hson-live/tests/entrypoints/tsconfig.livehost-node.json", "JSON", 0, 0, 13, 0, 0, 0, 1, 14
"/Users/philliphanson/Documents/Design/web/hson/hson-live/tests/entrypoints/tsconfig.livehost-worker.json", "JSON", 0, 0, 13, 0, 0, 0, 1, 14
"/Users/philliphanson/Documents/Design/web/hson/hson-live/tests/entrypoints/tsconfig.livemap-worker.json", "JSON", 0, 0, 13, 0, 0, 0, 1, 14
"/Users/philliphanson/Documents/Design/web/hson/hson-live/tests/entrypoints/tsconfig.livetree-browser.json", "JSON", 0, 0, 13, 0, 0, 0, 1, 14
"/Users/philliphanson/Documents/Design/web/hson/hson-live/tests/entrypoints/tsconfig.public.json", "JSON", 0, 0, 13, 0, 0, 0, 1, 14
"/Users/philliphanson/Documents/Design/web/hson/hson-live/tests/entrypoints/tsconfig.transform-worker.json", "JSON", 0, 0, 13, 0, 0, 0, 1, 14
"/Users/philliphanson/Documents/Design/web/hson/hson-live/tests/fixtures/structural-json-order-fixtures.mts", "TypeScript", 197, 0, 0, 0, 0, 0, 16, 213
"/Users/philliphanson/Documents/Design/web/hson/hson-live/tests/helpers/fake-document.mts", "TypeScript", 92, 0, 0, 0, 0, 0, 17, 109
"/Users/philliphanson/Documents/Design/web/hson/hson-live/tests/helpers/livemap-identity-internal.mts", "TypeScript", 22, 0, 0, 0, 0, 2, 3, 27
"/Users/philliphanson/Documents/Design/web/hson/hson-live/tests/helpers/reflect-unit6.mts", "TypeScript", 44, 0, 0, 0, 0, 0, 8, 52
"/Users/philliphanson/Documents/Design/web/hson/hson-live/tests/hson-array-index.acceptance.mts", "TypeScript", 370, 0, 0, 0, 0, 0, 29, 399
"/Users/philliphanson/Documents/Design/web/hson/hson-live/tests/hson-attribute-transport.acceptance.mts", "TypeScript", 423, 0, 0, 0, 0, 0, 40, 463
"/Users/philliphanson/Documents/Design/web/hson/hson-live/tests/hson-node-quid-egress.acceptance.mts", "TypeScript", 278, 0, 0, 0, 0, 1, 28, 307
"/Users/philliphanson/Documents/Design/web/hson/hson-live/tests/hson-node-quid-ingress.acceptance.mts", "TypeScript", 1041, 0, 0, 0, 0, 3, 81, 1125
"/Users/philliphanson/Documents/Design/web/hson/hson-live/tests/hson-node-quid.acceptance.mts", "TypeScript", 385, 0, 0, 0, 0, 1, 38, 424
"/Users/philliphanson/Documents/Design/web/hson/hson-live/tests/hson-number.acceptance.mts", "TypeScript", 298, 0, 0, 0, 0, 1, 33, 332
"/Users/philliphanson/Documents/Design/web/hson/hson-live/tests/hson-quoted-name-acceptance.acceptance.mts", "TypeScript", 139, 0, 0, 0, 0, 1, 32, 172
"/Users/philliphanson/Documents/Design/web/hson/hson-live/tests/hson-quoted-name-rejection.acceptance.mts", "TypeScript", 113, 0, 0, 0, 0, 1, 31, 145
"/Users/philliphanson/Documents/Design/web/hson/hson-live/tests/hson-root-boundary.acceptance.mts", "TypeScript", 405, 0, 0, 0, 0, 0, 95, 500
"/Users/philliphanson/Documents/Design/web/hson/hson-live/tests/hson-serializer.acceptance.mts", "TypeScript", 1239, 0, 0, 0, 0, 0, 120, 1359
"/Users/philliphanson/Documents/Design/web/hson/hson-live/tests/hson-string.types.ts", "TypeScript", 93, 0, 0, 0, 0, 8, 11, 112
"/Users/philliphanson/Documents/Design/web/hson/hson-live/tests/hson-structural-mode.acceptance.mts", "TypeScript", 247, 0, 0, 0, 0, 0, 58, 305
"/Users/philliphanson/Documents/Design/web/hson/hson-live/tests/hson-tagged-template.acceptance.mts", "TypeScript", 136, 0, 0, 0, 0, 1, 23, 160
"/Users/philliphanson/Documents/Design/web/hson/hson-live/tests/hson-tokenizer.acceptance.mts", "TypeScript", 976, 0, 0, 0, 0, 0, 81, 1057
"/Users/philliphanson/Documents/Design/web/hson/hson-live/tests/json-ingress.acceptance.mts", "TypeScript", 547, 0, 0, 0, 0, 1, 47, 595
"/Users/philliphanson/Documents/Design/web/hson/hson-live/tests/launcher-completion.d.mts", "TypeScript", 8, 0, 0, 0, 0, 0, 2, 10
"/Users/philliphanson/Documents/Design/web/hson/hson-live/tests/launcher-completion.mjs", "JavaScript", 0, 0, 0, 0, 23, 0, 2, 25
"/Users/philliphanson/Documents/Design/web/hson/hson-live/tests/livehost-authority-lifecycle.acceptance.mts", "TypeScript", 338, 0, 0, 0, 0, 1, 26, 365
"/Users/philliphanson/Documents/Design/web/hson/hson-live/tests/livehost-bootstrap.acceptance.mts", "TypeScript", 600, 0, 0, 0, 0, 1, 41, 642
"/Users/philliphanson/Documents/Design/web/hson/hson-live/tests/livehost-capture-identity-closure.acceptance.mts", "TypeScript", 223, 0, 0, 0, 0, 1, 29, 253
"/Users/philliphanson/Documents/Design/web/hson/hson-live/tests/livehost-document-request-compatibility.acceptance.mts", "TypeScript", 404, 0, 0, 0, 0, 1, 40, 445
"/Users/philliphanson/Documents/Design/web/hson/hson-live/tests/livehost-document.types.ts", "TypeScript", 288, 0, 0, 0, 0, 28, 18, 334
"/Users/philliphanson/Documents/Design/web/hson/hson-live/tests/livehost-graph-content-codec.acceptance.mts", "TypeScript", 96, 0, 0, 0, 0, 0, 9, 105
"/Users/philliphanson/Documents/Design/web/hson/hson-live/tests/livehost-node-hosting.acceptance.mts", "TypeScript", 971, 0, 0, 0, 0, 1, 67, 1039
"/Users/philliphanson/Documents/Design/web/hson/hson-live/tests/livemap-canonical-ownership.acceptance.mts", "TypeScript", 120, 0, 0, 0, 0, 1, 18, 139
"/Users/philliphanson/Documents/Design/web/hson/hson-live/tests/livemap-capture-categories.acceptance.mts", "TypeScript", 153, 0, 0, 0, 0, 1, 29, 183
"/Users/philliphanson/Documents/Design/web/hson/hson-live/tests/livemap-capture-provenance.acceptance.mts", "TypeScript", 212, 0, 0, 0, 0, 1, 32, 245
"/Users/philliphanson/Documents/Design/web/hson/hson-live/tests/livemap-carrier-planning.acceptance.mts", "TypeScript", 266, 0, 0, 0, 0, 1, 35, 302
"/Users/philliphanson/Documents/Design/web/hson/hson-live/tests/livemap-deterministic-admission-schema-operators.acceptance.mts", "TypeScript", 34, 0, 0, 0, 0, 1, 5, 40
"/Users/philliphanson/Documents/Design/web/hson/hson-live/tests/livemap-deterministic-mutation-operators.acceptance.mts", "TypeScript", 34, 0, 0, 0, 0, 1, 5, 40
"/Users/philliphanson/Documents/Design/web/hson/hson-live/tests/livemap-deterministic-transport-propagation-operators.acceptance.mts", "TypeScript", 34, 0, 0, 0, 0, 1, 5, 40
"/Users/philliphanson/Documents/Design/web/hson/hson-live/tests/livemap-document-atomic-reconciliation.acceptance.mts", "TypeScript", 235, 0, 0, 0, 0, 1, 34, 270
"/Users/philliphanson/Documents/Design/web/hson/hson-live/tests/livemap-document-attrs-read.acceptance.mts", "TypeScript", 195, 0, 0, 0, 0, 0, 20, 215
"/Users/philliphanson/Documents/Design/web/hson/hson-live/tests/livemap-document-attrs-schema.acceptance.mts", "TypeScript", 220, 0, 0, 0, 0, 1, 23, 244
"/Users/philliphanson/Documents/Design/web/hson/hson-live/tests/livemap-document-attrs-schema.types.ts", "TypeScript", 115, 0, 0, 0, 0, 22, 13, 150
"/Users/philliphanson/Documents/Design/web/hson/hson-live/tests/livemap-document-flags.acceptance.mts", "TypeScript", 151, 0, 0, 0, 0, 1, 16, 168
"/Users/philliphanson/Documents/Design/web/hson/hson-live/tests/livemap-document-id-discovery.acceptance.mts", "TypeScript", 165, 0, 0, 0, 0, 1, 31, 197
"/Users/philliphanson/Documents/Design/web/hson/hson-live/tests/livemap-document-id-public.acceptance.mts", "TypeScript", 168, 0, 0, 0, 0, 1, 31, 200
"/Users/philliphanson/Documents/Design/web/hson/hson-live/tests/livemap-document-identity-acquisition.acceptance.mts", "TypeScript", 214, 0, 0, 0, 0, 1, 28, 243
"/Users/philliphanson/Documents/Design/web/hson/hson-live/tests/livemap-document-identity-compatibility.acceptance.mts", "TypeScript", 229, 0, 0, 0, 0, 1, 29, 259
"/Users/philliphanson/Documents/Design/web/hson/hson-live/tests/livemap-document-identity-handle.acceptance.mts", "TypeScript", 206, 0, 0, 0, 0, 1, 33, 240
"/Users/philliphanson/Documents/Design/web/hson/hson-live/tests/livemap-document-identity-overlay-construction.acceptance.mts", "TypeScript", 155, 0, 0, 0, 0, 1, 29, 185
"/Users/philliphanson/Documents/Design/web/hson/hson-live/tests/livemap-document-identity-overlay-lifecycle.acceptance.mts", "TypeScript", 226, 0, 0, 0, 0, 1, 29, 256
"/Users/philliphanson/Documents/Design/web/hson/hson-live/tests/livemap-document-identity-overlay-lookup.acceptance.mts", "TypeScript", 162, 0, 0, 0, 0, 1, 29, 192
"/Users/philliphanson/Documents/Design/web/hson/hson-live/tests/livemap-document-install.acceptance.mts", "TypeScript", 265, 0, 0, 0, 0, 0, 29, 294
"/Users/philliphanson/Documents/Design/web/hson/hson-live/tests/livemap-document-location-attrs.acceptance.mts", "TypeScript", 53, 0, 0, 0, 0, 1, 4, 58
"/Users/philliphanson/Documents/Design/web/hson/hson-live/tests/livemap-document-location-content.acceptance.mts", "TypeScript", 41, 0, 0, 0, 0, 1, 4, 46
"/Users/philliphanson/Documents/Design/web/hson/hson-live/tests/livemap-document-location-mutation.acceptance.mts", "TypeScript", 200, 0, 0, 0, 0, 1, 32, 233
"/Users/philliphanson/Documents/Design/web/hson/hson-live/tests/livemap-document-location.acceptance.mts", "TypeScript", 281, 0, 0, 0, 0, 1, 49, 331
"/Users/philliphanson/Documents/Design/web/hson/hson-live/tests/livemap-document-logical-traversal.acceptance.mts", "TypeScript", 527, 0, 0, 0, 0, 3, 69, 599
"/Users/philliphanson/Documents/Design/web/hson/hson-live/tests/livemap-document-mutation-inputs.types.ts", "TypeScript", 89, 0, 0, 0, 0, 14, 20, 123
"/Users/philliphanson/Documents/Design/web/hson/hson-live/tests/livemap-document-mutation.acceptance.mts", "TypeScript", 542, 0, 0, 0, 0, 0, 56, 598
"/Users/philliphanson/Documents/Design/web/hson/hson-live/tests/livemap-document-operation-identity-effects.acceptance.mts", "TypeScript", 193, 0, 0, 0, 0, 1, 30, 224
"/Users/philliphanson/Documents/Design/web/hson/hson-live/tests/livemap-document-path-contract.acceptance.mts", "TypeScript", 188, 0, 0, 0, 0, 1, 31, 220
"/Users/philliphanson/Documents/Design/web/hson/hson-live/tests/livemap-document-proxy-typing.types.ts", "TypeScript", 103, 0, 0, 0, 0, 10, 18, 131
"/Users/philliphanson/Documents/Design/web/hson/hson-live/tests/livemap-document-proxy.acceptance.mts", "TypeScript", 169, 0, 0, 0, 0, 1, 32, 202
"/Users/philliphanson/Documents/Design/web/hson/hson-live/tests/livemap-document-relative-paths.types.ts", "TypeScript", 102, 0, 0, 0, 0, 12, 19, 133
"/Users/philliphanson/Documents/Design/web/hson/hson-live/tests/livemap-document-replay.acceptance.mts", "TypeScript", 347, 0, 0, 0, 0, 0, 32, 379
"/Users/philliphanson/Documents/Design/web/hson/hson-live/tests/livemap-document-request-lowering.acceptance.mts", "TypeScript", 236, 0, 0, 0, 0, 1, 31, 268
"/Users/philliphanson/Documents/Design/web/hson/hson-live/tests/livemap-document-schema-construction.acceptance.mts", "TypeScript", 233, 0, 0, 0, 0, 1, 41, 275
"/Users/philliphanson/Documents/Design/web/hson/hson-live/tests/livemap-document-schema-enforcement.acceptance.mts", "TypeScript", 172, 0, 0, 0, 0, 1, 6, 179
"/Users/philliphanson/Documents/Design/web/hson/hson-live/tests/livemap-document-schema.types.ts", "TypeScript", 184, 0, 0, 0, 0, 12, 23, 219
"/Users/philliphanson/Documents/Design/web/hson/hson-live/tests/livemap-document-staged-reconciliation.acceptance.mts", "TypeScript", 247, 0, 0, 0, 0, 1, 32, 280
"/Users/philliphanson/Documents/Design/web/hson/hson-live/tests/livemap-document-staged-request-lowering.acceptance.mts", "TypeScript", 274, 0, 0, 0, 0, 1, 36, 311
"/Users/philliphanson/Documents/Design/web/hson/hson-live/tests/livemap-document-staging.acceptance.mts", "TypeScript", 221, 0, 0, 0, 0, 1, 31, 253
"/Users/philliphanson/Documents/Design/web/hson/hson-live/tests/livemap-document-target-boundary.acceptance.mts", "TypeScript", 229, 0, 0, 0, 0, 1, 31, 261
"/Users/philliphanson/Documents/Design/web/hson/hson-live/tests/livemap-document-typed-paths.types.ts", "TypeScript", 112, 0, 0, 0, 0, 11, 23, 146
"/Users/philliphanson/Documents/Design/web/hson/hson-live/tests/livemap-document.acceptance.mts", "TypeScript", 311, 0, 0, 0, 0, 0, 31, 342
"/Users/philliphanson/Documents/Design/web/hson/hson-live/tests/livemap-exact-propagation.acceptance.mts", "TypeScript", 256, 0, 0, 0, 0, 1, 32, 289
"/Users/philliphanson/Documents/Design/web/hson/hson-live/tests/livemap-exact-route-closure.acceptance.mts", "TypeScript", 160, 0, 0, 0, 0, 1, 5, 166
"/Users/philliphanson/Documents/Design/web/hson/hson-live/tests/livemap-exact-transport-rejection.acceptance.mts", "TypeScript", 155, 0, 0, 0, 0, 1, 23, 179
"/Users/philliphanson/Documents/Design/web/hson/hson-live/tests/livemap-exact-transport.acceptance.mts", "TypeScript", 245, 0, 0, 0, 0, 1, 36, 282
"/Users/philliphanson/Documents/Design/web/hson/hson-live/tests/livemap-identity-aba-prevention.acceptance.mts", "TypeScript", 40, 0, 0, 0, 0, 1, 4, 45
"/Users/philliphanson/Documents/Design/web/hson/hson-live/tests/livemap-identity-replay-provenance.acceptance.mts", "TypeScript", 51, 0, 0, 0, 0, 1, 4, 56
"/Users/philliphanson/Documents/Design/web/hson/hson-live/tests/livemap-issued-quid-ledger.acceptance.mts", "TypeScript", 43, 0, 0, 0, 0, 1, 4, 48
"/Users/philliphanson/Documents/Design/web/hson/hson-live/tests/livemap-linked-identity-atomicity.acceptance.mts", "TypeScript", 241, 0, 0, 0, 0, 2, 25, 268
"/Users/philliphanson/Documents/Design/web/hson/hson-live/tests/livemap-linked-identity-closure.acceptance.mts", "TypeScript", 243, 0, 0, 0, 0, 1, 27, 271
"/Users/philliphanson/Documents/Design/web/hson/hson-live/tests/livemap-linked-identity-registration.acceptance.mts", "TypeScript", 194, 0, 0, 0, 0, 1, 25, 220
"/Users/philliphanson/Documents/Design/web/hson/hson-live/tests/livemap-operators/admission-schema-operators.mts", "TypeScript", 45, 0, 0, 0, 0, 0, 2, 47
"/Users/philliphanson/Documents/Design/web/hson/hson-live/tests/livemap-operators/all-operators.mts", "TypeScript", 9, 0, 0, 0, 0, 0, 3, 12
"/Users/philliphanson/Documents/Design/web/hson/hson-live/tests/livemap-operators/generate-review-artifact.mts", "TypeScript", 7, 0, 0, 0, 0, 0, 2, 9
"/Users/philliphanson/Documents/Design/web/hson/hson-live/tests/livemap-operators/mutation-operators.mts", "TypeScript", 30, 0, 0, 0, 0, 0, 4, 34
"/Users/philliphanson/Documents/Design/web/hson/hson-live/tests/livemap-operators/operator-catalog.mts", "TypeScript", 219, 0, 0, 0, 0, 0, 21, 240
"/Users/philliphanson/Documents/Design/web/hson/hson-live/tests/livemap-operators/transport-propagation-operators.mts", "TypeScript", 85, 0, 0, 0, 0, 0, 8, 93
"/Users/philliphanson/Documents/Design/web/hson/hson-live/tests/livemap-path-handle.acceptance.mts", "TypeScript", 578, 0, 0, 0, 0, 1, 87, 666
"/Users/philliphanson/Documents/Design/web/hson/hson-live/tests/livemap-projected-array-move-intent.acceptance.mts", "TypeScript", 136, 0, 0, 0, 0, 1, 28, 165
"/Users/philliphanson/Documents/Design/web/hson/hson-live/tests/livemap-projected-identity-acquisition.acceptance.mts", "TypeScript", 53, 0, 0, 0, 0, 1, 4, 58
"/Users/philliphanson/Documents/Design/web/hson/hson-live/tests/livemap-projected-identity-closure.acceptance.mts", "TypeScript", 64, 0, 0, 0, 0, 1, 4, 69
"/Users/philliphanson/Documents/Design/web/hson/hson-live/tests/livemap-projected-identity-lifecycle.acceptance.mts", "TypeScript", 32, 0, 0, 0, 0, 1, 4, 37
"/Users/philliphanson/Documents/Design/web/hson/hson-live/tests/livemap-projected-intent-propagation.acceptance.mts", "TypeScript", 225, 0, 0, 0, 0, 1, 29, 255
"/Users/philliphanson/Documents/Design/web/hson/hson-live/tests/livemap-projected-rename-intent.acceptance.mts", "TypeScript", 130, 0, 0, 0, 0, 1, 26, 157
"/Users/philliphanson/Documents/Design/web/hson/hson-live/tests/livemap-projected-value-equivalence.acceptance.mts", "TypeScript", 318, 0, 0, 0, 0, 1, 42, 361
"/Users/philliphanson/Documents/Design/web/hson/hson-live/tests/livemap-quid-canonical-state.acceptance.mts", "TypeScript", 200, 0, 0, 0, 0, 1, 29, 230
"/Users/philliphanson/Documents/Design/web/hson/hson-live/tests/livemap-quid-non-minting.acceptance.mts", "TypeScript", 218, 0, 0, 0, 0, 1, 36, 255
"/Users/philliphanson/Documents/Design/web/hson/hson-live/tests/livemap-reflection-publication-order.acceptance.mts", "TypeScript", 406, 0, 0, 0, 0, 1, 29, 436
"/Users/philliphanson/Documents/Design/web/hson/hson-live/tests/livemap-rejection-closure.acceptance.mts", "TypeScript", 132, 0, 0, 0, 0, 1, 15, 148
"/Users/philliphanson/Documents/Design/web/hson/hson-live/tests/livemap-schema-composition.acceptance.mts", "TypeScript", 210, 0, 0, 0, 0, 1, 5, 216
"/Users/philliphanson/Documents/Design/web/hson/hson-live/tests/livemap-schema-composition.types.ts", "TypeScript", 165, 0, 0, 0, 0, 30, 17, 212
"/Users/philliphanson/Documents/Design/web/hson/hson-live/tests/livemap-schema-counted-repeat.acceptance.mts", "TypeScript", 53, 0, 0, 0, 0, 1, 5, 59
"/Users/philliphanson/Documents/Design/web/hson/hson-live/tests/livemap-schema-empty.acceptance.mts", "TypeScript", 68, 0, 0, 0, 0, 1, 5, 74
"/Users/philliphanson/Documents/Design/web/hson/hson-live/tests/livemap-schema-owner-contract.acceptance.mts", "TypeScript", 186, 0, 0, 0, 0, 1, 27, 214
"/Users/philliphanson/Documents/Design/web/hson/hson-live/tests/livemap-schema-value-boundary.acceptance.mts", "TypeScript", 200, 0, 0, 0, 0, 1, 30, 231
"/Users/philliphanson/Documents/Design/web/hson/hson-live/tests/livemap-schema-vocabulary.acceptance.mts", "TypeScript", 47, 0, 0, 0, 0, 1, 6, 54
"/Users/philliphanson/Documents/Design/web/hson/hson-live/tests/livemap-staged-authority.acceptance.mts", "TypeScript", 287, 0, 0, 0, 0, 0, 39, 326
"/Users/philliphanson/Documents/Design/web/hson/hson-live/tests/livemap-transform-accepted-closure.acceptance.mts", "TypeScript", 156, 0, 0, 0, 0, 1, 9, 166
"/Users/philliphanson/Documents/Design/web/hson/hson-live/tests/livetree-attrs.acceptance.mts", "TypeScript", 342, 0, 0, 0, 0, 0, 35, 377
"/Users/philliphanson/Documents/Design/web/hson/hson-live/tests/livetree-issued-quid-lifecycle.acceptance.mts", "TypeScript", 172, 0, 0, 0, 0, 1, 26, 199
"/Users/philliphanson/Documents/Design/web/hson/hson-live/tests/livetree-livemap-attrs-convergence.acceptance.mts", "TypeScript", 85, 0, 0, 0, 0, 1, 14, 100
"/Users/philliphanson/Documents/Design/web/hson/hson-live/tests/livetree-quid-eligibility.acceptance.mts", "TypeScript", 179, 0, 0, 0, 0, 1, 22, 202
"/Users/philliphanson/Documents/Design/web/hson/hson-live/tests/livetree-quid-runtime-closure.acceptance.mts", "TypeScript", 182, 0, 0, 0, 0, 1, 25, 208
"/Users/philliphanson/Documents/Design/web/hson/hson-live/tests/livetree-runtime-scope.acceptance.mts", "TypeScript", 614, 0, 0, 0, 0, 1, 47, 662
"/Users/philliphanson/Documents/Design/web/hson/hson-live/tests/livetree-terminal-reuse-boundaries.acceptance.mts", "TypeScript", 250, 0, 0, 0, 0, 1, 33, 284
"/Users/philliphanson/Documents/Design/web/hson/hson-live/tests/projected-value-admission.acceptance.mts", "TypeScript", 287, 0, 0, 0, 0, 1, 35, 323
"/Users/philliphanson/Documents/Design/web/hson/hson-live/tests/projected-value-equality.acceptance.mts", "TypeScript", 129, 0, 0, 0, 0, 1, 31, 161
"/Users/philliphanson/Documents/Design/web/hson/hson-live/tests/public-boundaries.acceptance.mts", "TypeScript", 184, 0, 0, 0, 0, 0, 24, 208
"/Users/philliphanson/Documents/Design/web/hson/hson-live/tests/reflect-document-attrs.acceptance.mts", "TypeScript", 269, 0, 0, 0, 0, 0, 27, 296
"/Users/philliphanson/Documents/Design/web/hson/hson-live/tests/reflect-document-continuity.acceptance.mts", "TypeScript", 236, 0, 0, 0, 0, 1, 26, 263
"/Users/philliphanson/Documents/Design/web/hson/hson-live/tests/reflect-document-correspondence.acceptance.mts", "TypeScript", 268, 0, 0, 0, 0, 1, 28, 297
"/Users/philliphanson/Documents/Design/web/hson/hson-live/tests/reflect-document-delegation.acceptance.mts", "TypeScript", 248, 0, 0, 0, 0, 0, 23, 271
"/Users/philliphanson/Documents/Design/web/hson/hson-live/tests/reflect-document-path-authority.acceptance.mts", "TypeScript", 235, 0, 0, 0, 0, 1, 29, 265
"/Users/philliphanson/Documents/Design/web/hson/hson-live/tests/reflect-document-root.acceptance.mts", "TypeScript", 174, 0, 0, 0, 0, 0, 20, 194
"/Users/philliphanson/Documents/Design/web/hson/hson-live/tests/reflect-document-snapshot.acceptance.mts", "TypeScript", 242, 0, 0, 0, 0, 0, 23, 265
"/Users/philliphanson/Documents/Design/web/hson/hson-live/tests/reflect-document-structure.acceptance.mts", "TypeScript", 234, 0, 0, 0, 0, 0, 21, 255
"/Users/philliphanson/Documents/Design/web/hson/hson-live/tests/reflect-linked-no-mint-projection.acceptance.mts", "TypeScript", 205, 0, 0, 0, 0, 1, 27, 233
"/Users/philliphanson/Documents/Design/web/hson/hson-live/tests/reflect-no-mint-regression-boundaries.acceptance.mts", "TypeScript", 186, 0, 0, 0, 0, 1, 25, 212
"/Users/philliphanson/Documents/Design/web/hson/hson-live/tests/reflect-supplied-identity-preservation.acceptance.mts", "TypeScript", 207, 0, 0, 0, 0, 1, 26, 234
"/Users/philliphanson/Documents/Design/web/hson/hson-live/tests/root-compatibility.acceptance.mts", "TypeScript", 543, 0, 0, 0, 0, 0, 5, 548
"/Users/philliphanson/Documents/Design/web/hson/hson-live/tests/runtime-probes/fixtures/livehost-default-identity-runtime.mjs", "JavaScript", 0, 0, 0, 0, 13, 0, 3, 16
"/Users/philliphanson/Documents/Design/web/hson/hson-live/tests/runtime-probes/livehost-action-dedupe.acceptance.mjs", "JavaScript", 0, 0, 0, 0, 793, 0, 38, 831
"/Users/philliphanson/Documents/Design/web/hson/hson-live/tests/runtime-probes/livehost-authority.acceptance.mjs", "JavaScript", 0, 0, 0, 0, 438, 0, 33, 471
"/Users/philliphanson/Documents/Design/web/hson/hson-live/tests/runtime-probes/livehost-authorization.acceptance.mjs", "JavaScript", 0, 0, 0, 0, 124, 0, 14, 138
"/Users/philliphanson/Documents/Design/web/hson/hson-live/tests/runtime-probes/livehost-client-recovery.acceptance.mjs", "JavaScript", 0, 0, 0, 0, 897, 0, 56, 953
"/Users/philliphanson/Documents/Design/web/hson/hson-live/tests/runtime-probes/livehost-document-actions.acceptance.mjs", "JavaScript", 0, 0, 0, 0, 643, 0, 37, 680
"/Users/philliphanson/Documents/Design/web/hson/hson-live/tests/runtime-probes/livehost-document-recovery.acceptance.mjs", "JavaScript", 0, 0, 0, 0, 812, 0, 51, 863
"/Users/philliphanson/Documents/Design/web/hson/hson-live/tests/runtime-probes/livehost-persistence.acceptance.mjs", "JavaScript", 0, 0, 0, 0, 508, 0, 40, 548
"/Users/philliphanson/Documents/Design/web/hson/hson-live/tests/runtime-probes/livehost-protocol-document.acceptance.mjs", "JavaScript", 0, 0, 0, 0, 264, 0, 20, 284
"/Users/philliphanson/Documents/Design/web/hson/hson-live/tests/runtime-probes/livehost-recovery.acceptance.mjs", "JavaScript", 0, 0, 0, 0, 237, 17, 30, 284
"/Users/philliphanson/Documents/Design/web/hson/hson-live/tests/runtime-probes/livehost-session.acceptance.mjs", "JavaScript", 0, 0, 0, 0, 381, 0, 28, 409
"/Users/philliphanson/Documents/Design/web/hson/hson-live/tests/runtime-probes/livehost-trace.acceptance.mjs", "JavaScript", 0, 0, 0, 0, 412, 0, 25, 437
"/Users/philliphanson/Documents/Design/web/hson/hson-live/tests/transform-oracle.acceptance.mts", "TypeScript", 589, 0, 0, 0, 0, 0, 45, 634
"/Users/philliphanson/Documents/Design/web/hson/hson-live/tests/transform-worker.acceptance.mts", "TypeScript", 272, 0, 0, 0, 0, 0, 21, 293
"/Users/philliphanson/Documents/Design/web/hson/hson-live/tests/tsconfig.json", "JSON with Comments", 0, 0, 0, 24, 0, 0, 1, 25
"/Users/philliphanson/Documents/Design/web/hson/hson-live/tests/universal-circuit-verification.acceptance.mts", "TypeScript", 153, 0, 0, 0, 0, 1, 27, 181
"/Users/philliphanson/Documents/Design/web/hson/hson-live/tests/view-state-snapshot-codec.acceptance.mts", "TypeScript", 621, 0, 0, 0, 0, 0, 46, 667
"/Users/philliphanson/Documents/Design/web/hson/hson-live/tsconfig.json", "JSON with Comments", 0, 0, 0, 20, 0, 83, 14, 117
"Total", "-", 93675, 17081, 8307, 44, 5978, 9830, 19357, 154272